INSERT INTO "address" ("id", "city", "country", "latitude", "longitude", "number", "street")
VALUES ('3eb50b45-9d6c-4f42-992d-4a2bb3c2e0b2', 'Olofström', 'Sweden', '56.2462038', '14.6265298', '250', 'Harbort'),
       ('59575fe2-19b1-474a-a63a-db4b02ab0b0c', 'Šventoji', 'Lithuania', '55.2474741', '24.7743055', '980', 'Melby'),
       ('b9fd203d-9620-4dd1-9f43-e874e3593edc', 'Idritsa', 'Russia', '56.3360497', '28.8883279', '266', 'East'),
       ('5c8cb3b3-4c48-4614-8db2-620f21872785', 'Évreux', 'France', '49.0261841', '1.1518478', '3', 'Meadow Valley'),
       ('288936ca-16f3-4908-b37c-6fc7b8736bde', 'Zeleneč', 'Czech Republic', '50.1336212', '14.6607051', '99',
        'Moland'),
       ('5c3b169a-c50c-4b90-939d-ee3fca1459ea', 'Warungtanjung', 'Indonesia', '3.5053306', '98.6783333', '94652',
        'Sunfield'),
       ('f131fbc0-343e-4b61-9542-a384e4882ba5', 'Smyga', 'Ukraine', '50.2414199', '25.7622611', '4', 'Roxbury'),
       ('5c6ae6d9-966d-40b5-9ba2-8f0198df0e89', 'Sarankhola', 'Bangladesh', '22.0952234', '89.8130356', '391',
        'Sheridan'),
       ('59b007ac-5940-49dd-a19c-a81f1d67c9d3', 'Tevriz', 'Russia', '57.512722', '72.40078', '7', 'Westport'),
       ('b1b2dbfc-4b92-4cb6-931f-7c136e86f80b', 'Dubai', 'United Arab Emirates', '25.2048493', '55.2707828', '7',
        'Ronald Regan'),
       ('e4b6ce9d-5094-4a64-a958-3b919770d870', 'Gharyan', 'Libya', '32.1717952', '13.0184123', '4415', 'Vermont'),
       ('a0cd0598-30f7-430d-8cc5-ef309d31ffb7', 'Kroya', 'Indonesia', '-7.6331351', '109.2474701', '420', 'Oriole'),
       ('59902151-934b-49ce-bd22-a698234a01dd', 'Chicoana', 'Argentina', '-25.1042007', '-65.5381671', '08', 'Corscot'),
       ('bc130695-fcef-47ad-8d97-0e032be574c9', 'Kirzhach', 'Russia', '56.0488224', '39.0652818', '75018', 'Everett'),
       ('c9f0b999-abfa-4ac1-8809-aad34e2cd0c6', 'Bairro', 'Portugal', '41.2828507', '-8.2869478', '648', 'Bonner'),
       ('dc0bbae7-4fa1-47ca-a092-dde2f9efe046', 'Belfast', 'Canada', '46.08341', '-62.88197', '1414', 'Charing Cross'),
       ('553414e2-857e-49b0-85c8-e08f9edc9ae3', 'Ar Rubū‘', 'Yemen', '13.78024', '43.86901', '30', 'Riverside'),
       ('c89aee55-f73f-4bb1-accf-73bad65c36ff', 'Corujeira', 'Portugal', '40.3829273', '-8.7241528', '4', 'Dwight'),
       ('1870b7fd-be6b-43b9-ac6d-d4ca0b9ac416', 'Carcassonne', 'France', '44.346784', '5.8855505', '2775', 'Fallview'),
       ('e307e5e7-f8f6-41d4-a61c-befad5b75ffc', 'Kraskino', 'Russia', '42.7109791', '130.7842448', '48', 'Helena'),
       ('1744ff0b-90dd-4649-9439-da2bd62918ad', 'Liren', 'China', '34.2456501', '108.9877602', '829', 'Canary'),
       ('2d128330-e662-4fda-b55f-7fb5593b8f4f', 'Al Buq‘ah', 'Palestinian Territory', '31.5344951', '35.1245284', '52',
        'Sugar'),
       ('551082eb-b45a-4b6b-8ccd-2cae2b8cb20c', 'Uji', 'Japan', '35.3434929', '132.9039749', '643', 'Northland'),
       ('aa826b84-29aa-4167-a7ee-97e02587aea1', 'Xingtai', 'China', '37.070834', '114.504677', '4082', 'Forest Dale'),
       ('e8475b09-a100-42fa-8a17-7a040924c500', 'Banjar Baleagung', 'Indonesia', '-8.3797336', '115.1681911', '1732',
        'Judy'),
       ('d795331e-5d59-4221-a318-9a4045251c0f', 'Keren', 'Eritrea', '15.7800173', '38.4534461', '7535', 'Judy'),
       ('46876b56-3b9b-41de-8dc9-0925d44089c5', 'Aveleda', 'Portugal', '41.1150364', '-8.2958281', '88', 'Sutteridge'),
       ('f896b9e4-b639-43cc-882f-9d735597ef08', 'Odivelas', 'Portugal', '38.1678374', '-8.1496483', '540', 'Havey'),
       ('640e93ad-460b-40aa-84be-5673a091e2b5', 'Monte Aprazível', 'Brazil', '-20.7736517', '-49.7107263', '62',
        'Mayfield'),
       ('e1fcc078-445b-4243-af17-2e25f86ab352', 'Peteranec', 'Croatia', '46.1743441', '16.9184542', '30712', 'Stuart'),
       ('b58dcc40-13f0-46ed-894c-23a66d6faefd', 'Nanterre', 'France', '48.8967143', '2.1955586', '73384', 'Kropf'),
       ('bac13983-1229-4308-8ffd-22e8c52235f8', 'Haguimit', 'Philippines', '7.0649018', '125.7230302', '2086', 'Esch'),
       ('1d0da8df-c565-49ea-aee5-e788789e3b70', 'Yonezawa', 'Japan', '37.2516991', '139.007103', '7', 'Victoria'),
       ('8021c0fb-99a5-42f0-9d81-baa41265540e', 'Lisewo Malborskie', 'Poland', '54.0962372', '18.82934', '36',
        'Hanson'),
       ('adb7aab0-c6ff-49e4-a151-da471ef18f09', 'Longcang', 'China', '29.339476', '105.287612', '6', 'Continental'),
       ('0532cd76-52c8-4ac9-8306-d063f8f5e1d5', 'Matriz de Camaragibe', 'Brazil', '-9.0972502', '-35.5876697', '7890',
        'La Follette'),
       ('4d7006f5-d219-4871-ab66-e66d54eab457', 'Bungur', 'Indonesia', '-6.1718076', '106.8488128', '21775', 'Banding'),
       ('ea32e111-54e5-4e19-82a9-3098e7d1612b', 'Huangqiang', 'China', '22.2304314', '113.5411611', '4', 'Kropf'),
       ('1e1dd683-41ff-469f-b8a7-a413d64e694b', 'Saint Ann’s Bay', 'Jamaica', '18.4329473', '-77.1973997', '7',
        'Hintze'),
       ('24152c65-435d-4340-939a-42ba9947912b', 'Komprachcice', 'Poland', '50.6375507', '17.8149641', '35', 'Carioca');

INSERT INTO "questionnaire" ("id", "feels_bad", "high_or_low_presure", "onmc", "on_therapy",
                             "pricing_or_surgical_interventions_or_blood_transfusion", "recent_dentist", "skin_changes",
                             "under50kg")
VALUES ('f7df0917-1fde-480c-a562-520cee9f2a1a', 'true', 'true', 'false', 'true', 'false', 'true', 'true', 'true'),
       ('87265c25-06aa-414d-855b-33d9ecae7931', 'false', 'true', 'false', 'false', 'false', 'false', 'false', 'false'),
       ('0b0eb78a-4bbe-4be7-b48d-6e0e4492ece9', 'true', 'false', 'true', 'false', 'true', 'true', 'true', 'true'),
       ('5a61febe-5015-4646-91b4-5e1f8883e623', 'false', 'true', 'true', 'true', 'false', 'false', 'true', 'true'),
       ('1306fb68-ed85-4ebf-8def-67f2a3621613', 'true', 'true', 'false', 'true', 'true', 'false', 'true', 'false'),
       ('959e5562-d675-4c70-8d91-f5a8f52bce57', 'false', 'false', 'true', 'true', 'true', 'false', 'true', 'true'),
       ('06190597-0225-40f5-b2ab-a84e2619cd19', 'false', 'false', 'true', 'true', 'false', 'true', 'false', 'false'),
       ('d5f0c5c5-2880-41af-82df-3a4d64e215f1', 'false', 'true', 'true', 'true', 'false', 'false', 'false', 'true'),
       ('e6c6744e-c18f-431e-888d-3c9dee20018a', 'true', 'false', 'false', 'false', 'true', 'true', 'true', 'false'),
       ('0fda1b09-9f16-4a59-9fb0-98002a6cf85b', 'true', 'true', 'false', 'true', 'true', 'false', 'false', 'false'),
       ('e3fa8770-1dd0-46e1-9877-53736130e484', 'true', 'false', 'true', 'false', 'true', 'false', 'false', 'true'),
       ('9236b5e3-3d56-4e23-8a75-f4000b7de7f2', 'false', 'true', 'true', 'false', 'false', 'true', 'true', 'false'),
       ('12e3e9bb-346e-427a-981e-4a7623ab2883', 'false', 'false', 'true', 'false', 'true', 'false', 'true', 'false'),
       ('5d84c408-1011-48c9-9b9a-afa0806068b8', 'false', 'false', 'true', 'false', 'true', 'true', 'true', 'true'),
       ('7f118e21-ffa5-400e-81fd-b5be05d72da3', 'false', 'true', 'true', 'false', 'false', 'false', 'true', 'true'),
       ('2684ba22-40dc-4fbf-a424-5a5ff84d1e15', 'false', 'true', 'true', 'false', 'false', 'true', 'false', 'true'),
       ('1c4770af-5364-4797-ab27-598520e1a3a8', 'false', 'false', 'false', 'false', 'true', 'true', 'false', 'true'),
       ('78bfdd27-e88f-423d-8720-31e1d748497e', 'false', 'true', 'false', 'true', 'false', 'false', 'false', 'false'),
       ('6084b63d-9d6a-4822-8f54-9687181c08c6', 'false', 'true', 'false', 'false', 'true', 'true', 'false', 'false'),
       ('49a98175-e46f-458f-aa1e-cef7baccc8b5', 'false', 'false', 'false', 'true', 'false', 'true', 'false', 'true');
INSERT INTO "coupon" ("id", "description", "discount")
VALUES ('d43bc35e-bc4b-4566-b076-320f5c669c52', 'Livepath', '52'),
       ('ee9ad85a-a270-484d-8f46-54334b56cd68', 'Thoughtblab', '68'),
       ('ba777665-42c9-4a59-a6e9-f695ce1cba7a', 'Browsebug', '10'),
       ('9888438d-3f98-426f-a153-0f369f2b5cf8', 'Skibox', '13'),
       ('fa6bab80-8e2a-437e-98cc-a0190ec3f653', 'Skilith', '12'),
       ('9a1c03ff-af50-42f2-b302-2bb8bf396ca7', 'Fanoodle', '30'),
       ('7fd27d29-2c9a-4026-9c79-4d3f8c795853', 'Pixope', '30'),
       ('0a3a1559-feda-4032-a8df-77a4e507711c', 'Livefish', '29'),
       ('78c30545-bc32-4156-929a-e18619739961', 'Voolia', '31'),
       ('aeca40e3-030a-4f04-9385-ce6df9f400fd', 'Jaloo', '36'),
       ('2cf0b333-d4bd-405d-9354-53bddbd006b5', 'Browsezoom', '23'),
       ('5acc00bf-dd11-48d4-a10d-5197fee6d489', 'Jabberstorm', '66'),
       ('9dd5ff96-fff2-4f3c-9063-4c0e61293423', 'Divavu', '53'),
       ('33b0443f-6e70-4462-b0f2-2d7cd751b119', 'Meedoo', '55'),
       ('86f0fe75-6e7c-45e4-a6c8-0d0fc50936fd', 'Divavu', '66'),
       ('c87a9520-a413-482a-8f2c-889ac919c046', 'Yombu', '61'),
       ('d57c25ce-aa52-46f1-afc2-933bdf2a525b', 'Tagtune', '44'),
       ('0af16889-d20a-4afd-88c5-e02e8482ba4a', 'Rhynyx', '46'),
       ('0211da39-481f-4a64-a317-4d1a8a6cd00c', 'Leenti', '21'),
       ('9a75c6c5-a9ae-456f-bbdf-b1cb24fc4a94', 'Dynazzy', '65');

INSERT INTO "loyalty_type" ("id", "category_name", "points_req")
VALUES ('d546d803-e4fe-4ba6-b8e0-6e482ad48e58', 'No Loyalty', '0'),
       ('31144a9f-b305-4e1e-90cc-299fbd33ca5d', 'Bronze', '100'),
       ('3c113733-4fa9-475c-8e0d-fb58bff8041e', 'Silver', '200'),
       ('09779dc7-8c6c-47bb-b68d-aa67c63af8f8', 'Gold', '300');

INSERT INTO "loyalty_coupons" ("loyalty_id", "coupon_id")
VALUES ('d546d803-e4fe-4ba6-b8e0-6e482ad48e58', 'd43bc35e-bc4b-4566-b076-320f5c669c52'),
       ('31144a9f-b305-4e1e-90cc-299fbd33ca5d', 'ee9ad85a-a270-484d-8f46-54334b56cd68'),
       ('3c113733-4fa9-475c-8e0d-fb58bff8041e', 'ba777665-42c9-4a59-a6e9-f695ce1cba7a'),
       ('09779dc7-8c6c-47bb-b68d-aa67c63af8f8', '9888438d-3f98-426f-a153-0f369f2b5cf8'),
       ('d546d803-e4fe-4ba6-b8e0-6e482ad48e58', 'fa6bab80-8e2a-437e-98cc-a0190ec3f653'),
       ('31144a9f-b305-4e1e-90cc-299fbd33ca5d', '9a1c03ff-af50-42f2-b302-2bb8bf396ca7'),
       ('3c113733-4fa9-475c-8e0d-fb58bff8041e', '7fd27d29-2c9a-4026-9c79-4d3f8c795853'),
       ('09779dc7-8c6c-47bb-b68d-aa67c63af8f8', '0a3a1559-feda-4032-a8df-77a4e507711c'),
       ('d546d803-e4fe-4ba6-b8e0-6e482ad48e58', '78c30545-bc32-4156-929a-e18619739961'),
       ('31144a9f-b305-4e1e-90cc-299fbd33ca5d', 'aeca40e3-030a-4f04-9385-ce6df9f400fd'),
       ('3c113733-4fa9-475c-8e0d-fb58bff8041e', '2cf0b333-d4bd-405d-9354-53bddbd006b5'),
       ('09779dc7-8c6c-47bb-b68d-aa67c63af8f8', '5acc00bf-dd11-48d4-a10d-5197fee6d489'),
       ('d546d803-e4fe-4ba6-b8e0-6e482ad48e58', '9dd5ff96-fff2-4f3c-9063-4c0e61293423'),
       ('31144a9f-b305-4e1e-90cc-299fbd33ca5d', '33b0443f-6e70-4462-b0f2-2d7cd751b119'),
       ('3c113733-4fa9-475c-8e0d-fb58bff8041e', '86f0fe75-6e7c-45e4-a6c8-0d0fc50936fd'),
       ('09779dc7-8c6c-47bb-b68d-aa67c63af8f8', 'c87a9520-a413-482a-8f2c-889ac919c046'),
       ('d546d803-e4fe-4ba6-b8e0-6e482ad48e58', 'd57c25ce-aa52-46f1-afc2-933bdf2a525b'),
       ('31144a9f-b305-4e1e-90cc-299fbd33ca5d', '0af16889-d20a-4afd-88c5-e02e8482ba4a'),
       ('3c113733-4fa9-475c-8e0d-fb58bff8041e', '0211da39-481f-4a64-a317-4d1a8a6cd00c'),
       ('09779dc7-8c6c-47bb-b68d-aa67c63af8f8', '9a75c6c5-a9ae-456f-bbdf-b1cb24fc4a94');

INSERT INTO "blood_center" ("id", "description", "name", "rating", "end_hours", "end_minutes", "start_hours",
                            "start_minutes", "address_id")
VALUES ('417c9b36-251a-4483-bfbf-abd3df786d96', 'LUMENE OY', 'Will-Wiza', '3', '17', '0', '8', '0',
        '8021c0fb-99a5-42f0-9d81-baa41265540e'),
       ('aa116b1b-c59c-403b-b64f-db201d9375d2', '"Lannett Company, Inc."', '"Grimes, Kautzer and Lebsack"', '2', '17',
        '0', '8', '0', '553414e2-857e-49b0-85c8-e08f9edc9ae3'),
       ('206b28a3-4953-4cce-a077-c7d9fcdd599c', 'Mondel?z Global LLC', '"Tillman, Robel and DuBuque"', '4', '15', '30',
        '7', '30', '5c3b169a-c50c-4b90-939d-ee3fca1459ea'),
       ('29e5ab72-265a-483b-84fc-6a7abbf5a6ab', 'Accord Healthcare Inc.', 'Vandervort-Gleason', '2', '15', '30', '9',
        '0', '640e93ad-460b-40aa-84be-5673a091e2b5'),
       ('f7aaaba3-db07-46e8-8976-8e7c6b83ee4d', 'Uriel Pharmacy Inc.', 'Marvin-Stehr', '4', '14', '0', '9', '30',
        'dc0bbae7-4fa1-47ca-a092-dde2f9efe046'),
       ('c5380ac1-b5cb-4c3e-a5f7-5b1cd25c91f2', 'Pharmacia and Upjohn Company', 'Effertz and Sons', '3', '18', '0', '7',
        '0', 'e4b6ce9d-5094-4a64-a958-3b919770d870'),
       ('bd701425-588c-4d16-ab96-e71be2979a75', '"Preferred Pharmaceuticals, Inc."',
        '"Baumbach, Hartmann and Predovic"', '5', '19', '0', '7', '0', '0532cd76-52c8-4ac9-8306-d063f8f5e1d5'),
       ('e8b6ca12-6a54-4d61-9cda-5a314094968e', 'A-S Medication Solutions LLC', 'Torphy-Fritsch', '4', '18', '30', '8',
        '0', 'e4b6ce9d-5094-4a64-a958-3b919770d870'),
       ('00b4e355-20be-48a6-a192-cfab2f48f012', 'TYA Pharmaceuticals', '"Mosciski, Haley and Denesik"', '5', '16', '0',
        '10', '0', 'c89aee55-f73f-4bb1-accf-73bad65c36ff'),
       ('00f5108f-5ac3-48ed-8b5e-be609d3b4137', 'Rimmel Inc.', '"Runte, Bradtke and Bruen"', '1', '15', '30', '10',
        '30', 'f131fbc0-343e-4b61-9542-a384e4882ba5'),
       ('e642b333-182b-405d-a5b6-038fb518a3db', 'Teva Pharmaceuticals USA Inc', 'Labadie LLC', '4', '18', '0', '10',
        '0', 'bac13983-1229-4308-8ffd-22e8c52235f8'),
       ('63bd71a5-dfdd-4db3-ac00-0b61e6183735', 'Purminerals', 'Hilll-Upton', '1', '15', '30', '8', '30',
        'dc0bbae7-4fa1-47ca-a092-dde2f9efe046'),
       ('2c8956aa-b596-45a1-9713-388c254119fd', '"Dispensing Solutions, Inc."', '"Berge, Cassin and Feil"', '4', '19',
        '0', '9', '0', '1744ff0b-90dd-4649-9439-da2bd62918ad'),
       ('725e573d-e9bd-4658-9da1-d54b72a1d333', 'Kaiser Foundations Hospitals', '"Zulauf, Nolan and Luettgen"', '3',
        '17', '0', '9', '0', '1e1dd683-41ff-469f-b8a7-a413d64e694b'),
       ('65587605-ef93-4beb-a46a-ba141a21ffd7', '"General Injectables & Vaccines, Inc"', '"Gottlieb, Kozey and Metz"',
        '1', '16', '0', '10', '30', '288936ca-16f3-4908-b37c-6fc7b8736bde'),
       ('564661ad-20f3-4aba-841b-34d7ac33217f', '"Aphena Pharma Solutions - Tennessee, LLC"',
        '"Doyle, Padberg and Kon"', '3', '19', '30', '10', '0', '551082eb-b45a-4b6b-8ccd-2cae2b8cb20c'),
       ('d08dd731-d59f-43c8-b2ff-785245f6048b', 'Kroger Company', '"Cummings, Kutch and Huel"', '2', '18', '0', '7',
        '0', 'b1b2dbfc-4b92-4cb6-931f-7c136e86f80b'),
       ('1dc2e158-9faa-4940-9373-879fbe8ceada', 'Teva Pharmaceuticals USA Inc', 'Hara Group', '3', '18', '0', '7', '0',
        'dc0bbae7-4fa1-47ca-a092-dde2f9efe046'),
       ('73548b7b-3695-4e37-989c-e2ba7a0130d0', 'sanofi-aventis U.S. LLC', '"Schmeler, Fahey and Koelpin"', '5', '14',
        '0', '8', '0', '46876b56-3b9b-41de-8dc9-0925d44089c5'),
       ('5f29fc03-f6bd-49a6-9f41-c2ca229de403', '"Energique,
        Inc."', 'Brekke and Sons', '5', '15', '30', '7', '0', '553414e2-857e-49b0-85c8-e08f9edc9ae3');

INSERT INTO "blood_donor" ("id", "name", "phone_number", "surname", "gender", "institution", "jmbg", "penalties",
                           "points", "address_id", "questionnaire_id", "occupation")
VALUES ('07ce2e8b-d34b-4156-9dd4-f29ec4311675', 'Butch', '140-486-9131', 'Degg', '1', 'Yakitri', '8541087715936', '67',
        '55', 'a0cd0598-30f7-430d-8cc5-ef309d31ffb7', 'f7df0917-1fde-480c-a562-520cee9f2a1a', 'Zoomdog'),
       ('0034aea2-3260-4429-a611-388c607eb48d', 'Wain', '517-564-6626', 'Jedrzej', '0', 'Quatz', '5404278802883', '68',
        '91', 'f131fbc0-343e-4b61-9542-a384e4882ba5', '87265c25-06aa-414d-855b-33d9ecae7931', 'Eare'),
       ('77399006-988f-4a9f-9870-9143329618c2', 'Harcourt', '702-620-5955', 'Ellse', '0', 'Jetwire', '8850400429867',
        '1', '86', 'a0cd0598-30f7-430d-8cc5-ef309d31ffb7', '0b0eb78a-4bbe-4be7-b48d-6e0e4492ece9', 'Meeveo'),
       ('0ef1b9f1-e36e-4d28-b2e3-a423585fa67d', 'Guendolen', '294-956-6386', 'Winterbourne', '0', 'Zoovu',
        '7350668384828', '3', '15', 'e4b6ce9d-5094-4a64-a958-3b919770d870', '5a61febe-5015-4646-91b4-5e1f8883e623',
        'Kazio'),
       ('c6af395f-78b4-4f24-b0ca-ba9b7ff5d9e2', 'Renee', '828-228-4235', 'Pipes', '1', 'Dynabox', '9006417279298', '29',
        '100', '4d7006f5-d219-4871-ab66-e66d54eab457', '1306fb68-ed85-4ebf-8def-67f2a3621613', 'Fivespan'),
       ('fbd2ad00-1d80-4a6a-b02a-5e2334ae121c', 'Jaquith', '811-626-0086', 'Donoghue', '1', 'Rhyzio', '5443749324451',
        '1', '66', 'f131fbc0-343e-4b61-9542-a384e4882ba5', '959e5562-d675-4c70-8d91-f5a8f52bce57', 'Photobug'),
       ('31d000fa-5fee-46bb-bb48-7f4a5cd2986d', 'Rodge', '524-701-7184', 'Skillern', '1', 'Realcube', '9732054114142',
        '62', '58', 'b1b2dbfc-4b92-4cb6-931f-7c136e86f80b', '06190597-0225-40f5-b2ab-a84e2619cd19', 'Realmix'),
       ('9799230d-9f4f-4494-8443-af9452a5b521', 'Bernardina', '483-320-0390', 'Boake', '0', 'Yacero', '4129889936634',
        '52', '53', 'e307e5e7-f8f6-41d4-a61c-befad5b75ffc', 'd5f0c5c5-2880-41af-82df-3a4d64e215f1', 'Mynte'),
       ('cc803476-7955-4dfa-9fee-fdf92ead600d', 'Harli', '756-945-7519', 'Maxwale', '0', 'Skinix', '8502284216956',
        '89', '6', '1744ff0b-90dd-4649-9439-da2bd62918ad', 'e6c6744e-c18f-431e-888d-3c9dee20018a', 'Tagfeed'),
       ('cc8c3ec8-0268-454f-88ef-9b3457374bd3', 'Myrwyn', '653-339-8494', 'Hegden', '0', 'Edgetag', '4075741524466',
        '78', '86', '59902151-934b-49ce-bd22-a698234a01dd', '0fda1b09-9f16-4a59-9fb0-98002a6cf85b', 'Quinu'),
       ('3572ded3-f508-480c-8d9a-6dea1520507c', 'Estrella', '909-492-0728', 'Gallemore', '0', 'Geba', '9179707740448',
        '23', '14', '5c6ae6d9-966d-40b5-9ba2-8f0198df0e89', 'e3fa8770-1dd0-46e1-9877-53736130e484', 'Jabbercube'),
       ('39c80416-5bff-4e58-b9f4-a948ec48c168', 'Cate', '221-443-1056', 'Shoveller', '0', 'Fadeo', '6113251478342', '2',
        '73', '5c6ae6d9-966d-40b5-9ba2-8f0198df0e89', '9236b5e3-3d56-4e23-8a75-f4000b7de7f2', 'Quinu'),
       ('c5a8a6f5-0474-4f66-b75c-61b09cd06904', 'Hana', '171-976-9468', 'Giscken', '1', 'Skipfire', '4417835800685',
        '17', '84', '288936ca-16f3-4908-b37c-6fc7b8736bde', '12e3e9bb-346e-427a-981e-4a7623ab2883', 'Wordify'),
       ('a5096988-b045-44f9-b3d7-e8e7d3000ebf', 'Christophe', '689-930-8861', 'Lock', '0', 'Quamba', '1668450979720',
        '70', '70', 'f896b9e4-b639-43cc-882f-9d735597ef08', '5d84c408-1011-48c9-9b9a-afa0806068b8', 'Centidel'),
       ('d2747d81-b42b-46a6-8e49-b594c484188a', 'Tobit', '474-544-0011', 'Follacaro', '1', 'Photobug', '8322383826182',
        '22', '23', 'bc130695-fcef-47ad-8d97-0e032be574c9', '7f118e21-ffa5-400e-81fd-b5be05d72da3', 'Zoovu'),
       ('3f216353-9183-4df6-aad4-42207f0ac681', 'Jedediah', '333-521-1906', 'McAusland', '0', 'Zooveo', '1412030332377',
        '87', '10', '5c3b169a-c50c-4b90-939d-ee3fca1459ea', '2684ba22-40dc-4fbf-a424-5a5ff84d1e15', 'Edgewire'),
       ('de1d26f9-1e5d-4aaa-97f2-9f0e9c400560', 'Priscella', '656-894-7039', 'Dunnett', '0', 'Twimbo', '7401129721867',
        '84', '59', 'd795331e-5d59-4221-a318-9a4045251c0f', '1c4770af-5364-4797-ab27-598520e1a3a8', 'Avavee'),
       ('fba08705-b5e2-4957-8efc-5454792e7cb7', 'Halie', '147-743-8882', 'Hancell', '0', 'Meetz', '7860185559718', '96',
        '35', '640e93ad-460b-40aa-84be-5673a091e2b5', '78bfdd27-e88f-423d-8720-31e1d748497e', 'Quinu'),
       ('32e14d39-7b52-421c-8764-9c3bdea705b5', 'Shandeigh', '487-111-9370', 'Rapps', '0', 'Twiyo', '1360433062427',
        '84', '35', 'a0cd0598-30f7-430d-8cc5-ef309d31ffb7', '6084b63d-9d6a-4822-8f54-9687181c08c6', 'Trilith'),
       ('cb447cd4-1e19-4902-8eed-84532a5cddec', 'Janean', '370-394-2032', 'Giraudoux', '1', 'BlogXS', '8580177169782',
        '12', '84', '553414e2-857e-49b0-85c8-e08f9edc9ae3', '49a98175-e46f-458f-aa1e-cef7baccc8b5', 'Brainlounge');

INSERT INTO "staff" ("id", "name", "phone_number", "surname", "address_id", "blood_center_id")
VALUES ('986283f4-3bd0-49f8-87cf-7d1f5f8f8798', 'Lamar', '940-909-2969', 'Linskill',
        '1870b7fd-be6b-43b9-ac6d-d4ca0b9ac416', '65587605-ef93-4beb-a46a-ba141a21ffd7'),
       ('b5dcee91-f4fc-4bf8-a60a-5bb14fef04c8', 'Elna', '244-267-1368', 'Brickwood',
        'bc130695-fcef-47ad-8d97-0e032be574c9', '63bd71a5-dfdd-4db3-ac00-0b61e6183735'),
       ('2094f790-1add-424b-9d37-9b875e14d33d', 'Rabi', '702-651-2428', 'Frary', '4d7006f5-d219-4871-ab66-e66d54eab457',
        '5f29fc03-f6bd-49a6-9f41-c2ca229de403'),
       ('811e48d5-9959-4860-b5da-8611d6e8f394', 'Ingram', '549-202-4873', 'Martello',
        '24152c65-435d-4340-939a-42ba9947912b', '73548b7b-3695-4e37-989c-e2ba7a0130d0'),
       ('3730fd93-e0c7-4727-b986-c7129de97e76', 'Catharina', '410-932-0593', 'Tilburn',
        '640e93ad-460b-40aa-84be-5673a091e2b5', '564661ad-20f3-4aba-841b-34d7ac33217f'),
       ('5f070bb4-6c1a-4f2f-b7c3-3c186b81a27b', 'Brigham', '559-301-4310', 'Brignell',
        'c89aee55-f73f-4bb1-accf-73bad65c36ff', '00f5108f-5ac3-48ed-8b5e-be609d3b4137'),
       ('9f2e4aee-36d1-404e-84c1-aa5f6229c879', 'Jerrine', '469-174-9097', 'Callum',
        'f131fbc0-343e-4b61-9542-a384e4882ba5', '1dc2e158-9faa-4940-9373-879fbe8ceada'),
       ('55775000-5e5a-41ef-9ee0-9dd59348bf25', 'Sergio', '937-928-0791', 'Terne',
        'e1fcc078-445b-4243-af17-2e25f86ab352', 'e8b6ca12-6a54-4d61-9cda-5a314094968e'),
       ('581e0fac-72f3-43fb-ad44-5d5a7d5dd251', 'Cara', '419-578-5469', 'Oxton', '5c6ae6d9-966d-40b5-9ba2-8f0198df0e89',
        'f7aaaba3-db07-46e8-8976-8e7c6b83ee4d'),
       ('5b45c584-a31a-4aa7-87a6-83677a5e3e1b', 'Vita', '561-926-3987', 'Jest', 'c9f0b999-abfa-4ac1-8809-aad34e2cd0c6',
        '00b4e355-20be-48a6-a192-cfab2f48f012'),
       ('7c72d31e-1e61-43a5-b6cc-5bbaad9030d0', 'Gwendolyn', '469-526-1406', 'Cuniffe',
        'e4b6ce9d-5094-4a64-a958-3b919770d870', 'f7aaaba3-db07-46e8-8976-8e7c6b83ee4d'),
       ('91068383-8074-4b5d-a08c-74013b93e01c', 'Hillery', '303-333-8164', 'Beadel',
        '4d7006f5-d219-4871-ab66-e66d54eab457', '65587605-ef93-4beb-a46a-ba141a21ffd7'),
       ('e729dd63-f2db-4798-9463-5c9f687449b5', 'Melina', '734-741-6333', 'Lapidus',
        '46876b56-3b9b-41de-8dc9-0925d44089c5', '73548b7b-3695-4e37-989c-e2ba7a0130d0'),
       ('38e05d03-a948-4da3-b731-b6d8a601bfc7', 'Mal', '633-360-3570', 'Scouse', '288936ca-16f3-4908-b37c-6fc7b8736bde',
        '417c9b36-251a-4483-bfbf-abd3df786d96'),
       ('c63c8486-6efe-411b-bc35-ca32a7f313e0', 'Bartie', '243-882-7456', 'Ruzicka',
        'f131fbc0-343e-4b61-9542-a384e4882ba5', 'c5380ac1-b5cb-4c3e-a5f7-5b1cd25c91f2'),
       ('504d2e58-fc53-48f0-aa0f-46e1ceb37cd6', 'Devlin', '357-355-0837', 'Kenworthy',
        'f896b9e4-b639-43cc-882f-9d735597ef08', 'f7aaaba3-db07-46e8-8976-8e7c6b83ee4d'),
       ('fd9316e7-6d43-4ab2-8356-472168cf471a', 'Joelly', '514-214-7996', 'Gelderd',
        '5c6ae6d9-966d-40b5-9ba2-8f0198df0e89', '00b4e355-20be-48a6-a192-cfab2f48f012'),
       ('22c7554d-59e3-4b5d-bca4-259cfea76cf9', 'Lelah', '991-516-5286', 'Reichhardt',
        '46876b56-3b9b-41de-8dc9-0925d44089c5', '29e5ab72-265a-483b-84fc-6a7abbf5a6ab'),
       ('c929321b-a6c5-4fc3-bcb9-bbeb1f80b57b', 'Clemmy', '135-791-8210', 'Garatty',
        '2d128330-e662-4fda-b55f-7fb5593b8f4f', '5f29fc03-f6bd-49a6-9f41-c2ca229de403'),
       ('f747d951-9e6d-4042-89de-4ef181f38a8c', 'Lelah', '571-225-9628', 'Hauxley',
        '0532cd76-52c8-4ac9-8306-d063f8f5e1d5', 'e8b6ca12-6a54-4d61-9cda-5a314094968e'),
       ('6d40dac0-c5ff-4638-b8c6-12cd3ab72929', 'Eachelle', '929-372-3936', 'Doran',
        '288936ca-16f3-4908-b37c-6fc7b8736bde', '63bd71a5-dfdd-4db3-ac00-0b61e6183735'),
       ('5c0e2329-14f9-4a13-985d-8e22b5e93435', 'Marilee', '627-401-0079', 'Hinners',
        'f896b9e4-b639-43cc-882f-9d735597ef08', '564661ad-20f3-4aba-841b-34d7ac33217f'),
       ('1bdab980-2af1-46d2-9095-5addbdbeb55f', 'Ami', '672-735-9620', 'Gidman', 'aa826b84-29aa-4167-a7ee-97e02587aea1',
        'e8b6ca12-6a54-4d61-9cda-5a314094968e'),
       ('40d69cd6-dd2f-4869-9cb8-4d35ebcdf605', 'Rodrique', '788-708-1405', 'Delea',
        '4d7006f5-d219-4871-ab66-e66d54eab457', '29e5ab72-265a-483b-84fc-6a7abbf5a6ab'),
       ('b371a64e-d73a-4bc9-ab9a-759923d64833', 'Ellene', '982-458-1233', 'Jandak',
        '4d7006f5-d219-4871-ab66-e66d54eab457', '63bd71a5-dfdd-4db3-ac00-0b61e6183735'),
       ('1b22f49e-0d21-4858-aebd-40b6c8f11aac', 'Mirabella', '585-457-4971', 'Van der Beek',
        '59902151-934b-49ce-bd22-a698234a01dd', 'e642b333-182b-405d-a5b6-038fb518a3db'),
       ('0124ff35-66c6-4862-bdf0-4d01ac6a34c1', 'Halli', '156-641-2391', 'Bridgwater',
        'c9f0b999-abfa-4ac1-8809-aad34e2cd0c6', '2c8956aa-b596-45a1-9713-388c254119fd'),
       ('01b4088d-f188-4774-aa7a-80c2b3f1db2d', 'Eachelle', '313-535-9163', 'Riccetti',
        'a0cd0598-30f7-430d-8cc5-ef309d31ffb7', '564661ad-20f3-4aba-841b-34d7ac33217f'),
       ('47175165-1e18-4a19-9861-22752cfce672', 'Brnaby', '943-284-0573', 'Smithers',
        '553414e2-857e-49b0-85c8-e08f9edc9ae3', 'd08dd731-d59f-43c8-b2ff-785245f6048b'),
       ('15167d4b-f42f-4df7-bff9-9328ceacb217', 'Cindelyn', '340-667-3778', 'Danne',
        '59b007ac-5940-49dd-a19c-a81f1d67c9d3', 'c5380ac1-b5cb-4c3e-a5f7-5b1cd25c91f2'),
       ('1c3687a9-1d6f-4bea-adcb-d4f4d3d191b9', 'Jarid', '737-680-1148', 'Larroway',
        'e307e5e7-f8f6-41d4-a61c-befad5b75ffc', '00f5108f-5ac3-48ed-8b5e-be609d3b4137'),
       ('772967b3-86ec-48fd-a6cb-bacac6dbc09e', 'Garland', '167-852-1139', 'Hounsham',
        'adb7aab0-c6ff-49e4-a151-da471ef18f09', 'c5380ac1-b5cb-4c3e-a5f7-5b1cd25c91f2'),
       ('6f3e1435-a937-494f-9f99-b8525c662263', 'Griffith', '983-604-5973', 'Burnup',
        'bac13983-1229-4308-8ffd-22e8c52235f8', '63bd71a5-dfdd-4db3-ac00-0b61e6183735'),
       ('d432ad1e-044f-418d-86f7-b4c95b8da539', 'Charmion', '462-542-9099', 'Leeson',
        '640e93ad-460b-40aa-84be-5673a091e2b5', 'c5380ac1-b5cb-4c3e-a5f7-5b1cd25c91f2'),
       ('928cff4e-aefc-4c03-978b-b1268f893264', 'Derril', '505-118-8999', 'Del Castello',
        '4d7006f5-d219-4871-ab66-e66d54eab457', 'aa116b1b-c59c-403b-b64f-db201d9375d2'),
       ('305d8efb-d8c1-462b-8e80-a012b30f4770', 'Elva', '365-748-3000', 'Fearn', 'e4b6ce9d-5094-4a64-a958-3b919770d870',
        '1dc2e158-9faa-4940-9373-879fbe8ceada'),
       ('a99d1462-69d9-4d33-9577-f8ecdc53f577', 'Byrann', '102-417-6451', 'Tapson',
        'e8475b09-a100-42fa-8a17-7a040924c500', '00b4e355-20be-48a6-a192-cfab2f48f012'),
       ('b8e429bb-800f-4a28-8554-4d563d5895f7', 'Faun', '325-285-3965', 'Bohler',
        '551082eb-b45a-4b6b-8ccd-2cae2b8cb20c', '63bd71a5-dfdd-4db3-ac00-0b61e6183735'),
       ('0c74c545-9980-49dd-8ce8-5444c2df6d17', 'Tobi', '526-204-7588', 'Hullins',
        '640e93ad-460b-40aa-84be-5673a091e2b5', 'f7aaaba3-db07-46e8-8976-8e7c6b83ee4d'),
       ('4893e658-94df-4501-9ada-c717d7d241cb', 'Dallas', '784-935-8569', 'Aimer',
        '8021c0fb-99a5-42f0-9d81-baa41265540e', '1dc2e158-9faa-4940-9373-879fbe8ceada'),
       ('2f0fcaa0-a589-4f6d-9204-7b6f3d998e87', 'Ernest', '363-384-8830', 'Norkutt',
        '1744ff0b-90dd-4649-9439-da2bd62918ad', 'c5380ac1-b5cb-4c3e-a5f7-5b1cd25c91f2'),
       ('cd4e047d-9193-4fb5-85e2-ac45ff498d8c', 'Adams', '149-537-7945', 'Seniour',
        '5c8cb3b3-4c48-4614-8db2-620f21872785', '29e5ab72-265a-483b-84fc-6a7abbf5a6ab'),
       ('be109b50-33e4-44e9-ab41-92aa471e8e3f', 'Artemis', '176-761-3518', 'Suttill',
        '46876b56-3b9b-41de-8dc9-0925d44089c5', '00f5108f-5ac3-48ed-8b5e-be609d3b4137'),
       ('b00d71eb-b80c-4519-9034-725e08108e2d', 'Diana', '402-341-0125', 'Mersh',
        'bc130695-fcef-47ad-8d97-0e032be574c9', '417c9b36-251a-4483-bfbf-abd3df786d96'),
       ('e08cac66-ce24-4839-bbcc-ebced74e471e', 'Ferne', '195-300-2366', 'Catteroll',
        'b1b2dbfc-4b92-4cb6-931f-7c136e86f80b', '564661ad-20f3-4aba-841b-34d7ac33217f'),
       ('6c60d1b8-8226-4cc2-9150-2047bc2b2d2d', 'Eda', '813-627-6540', 'Boylund',
        '5c8cb3b3-4c48-4614-8db2-620f21872785', 'aa116b1b-c59c-403b-b64f-db201d9375d2'),
       ('c561ff32-c0d3-45b1-83da-01344e41da49', 'Rabi', '191-213-9453', 'Aldiss',
        'd795331e-5d59-4221-a318-9a4045251c0f', '29e5ab72-265a-483b-84fc-6a7abbf5a6ab'),
       ('c9fdc09a-d996-46be-ba31-65a637191613', 'Agnes', '897-657-5008', 'Shallcroff',
        'a0cd0598-30f7-430d-8cc5-ef309d31ffb7', '1dc2e158-9faa-4940-9373-879fbe8ceada'),
       ('66107d6f-ce42-44f4-8768-5531994c7ee5', 'Geralda', '619-745-0986', 'Dosdale',
        'e8475b09-a100-42fa-8a17-7a040924c500', '1dc2e158-9faa-4940-9373-879fbe8ceada'),
       ('0d1fe9b3-e695-470b-96bf-4ac6dca86dee', 'Hort', '266-788-8899', 'Pibsworth',
        'b58dcc40-13f0-46ed-894c-23a66d6faefd', '725e573d-e9bd-4658-9da1-d54b72a1d333'),
       ('7ef6134e-24f1-49ee-94f4-fae5871ec575', 'Marchall', '953-572-6640', 'Lange',
        '59b007ac-5940-49dd-a19c-a81f1d67c9d3', 'c5380ac1-b5cb-4c3e-a5f7-5b1cd25c91f2'),
       ('6bc0dd22-2a34-43d5-9d3e-584e8198eb05', 'Morganica', '197-275-0047', 'Defond',
        '1744ff0b-90dd-4649-9439-da2bd62918ad', '1dc2e158-9faa-4940-9373-879fbe8ceada'),
       ('2e249e80-c35d-4b13-ad70-4c3d269dead3', 'Russell', '621-772-1483', 'Martignon',
        'c9f0b999-abfa-4ac1-8809-aad34e2cd0c6', '73548b7b-3695-4e37-989c-e2ba7a0130d0'),
       ('8d5eb1ef-62bc-4310-9edb-8048d04fb40e', 'Gilly', '599-970-3463', 'Dunsmuir',
        'b1b2dbfc-4b92-4cb6-931f-7c136e86f80b', 'e8b6ca12-6a54-4d61-9cda-5a314094968e'),
       ('a54acf19-f0e5-4a51-b303-b8876a1cf5ff', 'Marilee', '319-493-6791', 'Leopard',
        '1870b7fd-be6b-43b9-ac6d-d4ca0b9ac416', '73548b7b-3695-4e37-989c-e2ba7a0130d0'),
       ('a6577d64-5429-4bc0-b880-148a528db86c', 'Edvard', '373-136-3737', 'Faint',
        '8021c0fb-99a5-42f0-9d81-baa41265540e', 'e642b333-182b-405d-a5b6-038fb518a3db'),
       ('c5f400f3-ed53-4f3e-8342-d53cf1a853f6', 'Nero', '652-237-0943', 'Mangan',
        '553414e2-857e-49b0-85c8-e08f9edc9ae3', '725e573d-e9bd-4658-9da1-d54b72a1d333'),
       ('6f451d66-3009-428e-93f1-b7fb51202c54', 'Kingsly', '309-765-9429', 'Beecker',
        '24152c65-435d-4340-939a-42ba9947912b', '2c8956aa-b596-45a1-9713-388c254119fd'),
       ('942372a8-6bcd-4b08-b9f8-0879ea251a63', 'Georgetta', '399-461-8792', 'Winpenny',
        '4d7006f5-d219-4871-ab66-e66d54eab457', 'bd701425-588c-4d16-ab96-e71be2979a75'),
       ('d7470ea9-ff4f-417f-bf3f-a2f8b44cda11', 'Stu', '577-197-5723', 'Paladini',
        '8021c0fb-99a5-42f0-9d81-baa41265540e', '725e573d-e9bd-4658-9da1-d54b72a1d333'),
       ('19d7ff91-8141-4ae3-8cf9-30d950b38460', 'Magdaia', '123-972-5369', 'Herety',
        'e8475b09-a100-42fa-8a17-7a040924c500', '63bd71a5-dfdd-4db3-ac00-0b61e6183735'),
       ('66f64bc7-ad5c-4689-af87-98b722d8fd25', 'Sephira', '108-252-7459', 'Sutor',
        '5c3b169a-c50c-4b90-939d-ee3fca1459ea', '564661ad-20f3-4aba-841b-34d7ac33217f'),
       ('f53fe86c-837c-40eb-8752-99ba38012aa8', 'Edith', '729-205-5593', 'Indruch',
        'f896b9e4-b639-43cc-882f-9d735597ef08', 'd08dd731-d59f-43c8-b2ff-785245f6048b'),
       ('68213e93-4af1-456a-a99a-9991b7cfa8f5', 'Gaelan', '474-507-2269', 'Blackhall',
        '640e93ad-460b-40aa-84be-5673a091e2b5', '73548b7b-3695-4e37-989c-e2ba7a0130d0'),
       ('7d794b03-1ff9-438a-89e0-25ac9534a40b', 'Nerti', '481-157-1078', 'Swin', '1e1dd683-41ff-469f-b8a7-a413d64e694b',
        '5f29fc03-f6bd-49a6-9f41-c2ca229de403'),
       ('2af76d55-701a-43ad-8638-938e7213d7d5', 'Giorgia', '688-623-6130', 'Streight',
        'd795331e-5d59-4221-a318-9a4045251c0f', 'f7aaaba3-db07-46e8-8976-8e7c6b83ee4d'),
       ('bc83b2f8-16c6-4a9b-824c-df7ca7dc2a95', 'Jay', '287-153-1304', 'Wethered',
        'adb7aab0-c6ff-49e4-a151-da471ef18f09', 'c5380ac1-b5cb-4c3e-a5f7-5b1cd25c91f2'),
       ('302bd3a9-c07e-4fa4-8477-3fc78add3089', 'Vania', '200-713-3911', 'Walby',
        'f131fbc0-343e-4b61-9542-a384e4882ba5', '1dc2e158-9faa-4940-9373-879fbe8ceada'),
       ('716dfbd6-a4f1-423c-b4e0-9336daf4123d', 'Hildagard', '546-963-2304', 'Birkby',
        '2d128330-e662-4fda-b55f-7fb5593b8f4f', '00b4e355-20be-48a6-a192-cfab2f48f012'),
       ('1e69a65e-0368-4e63-98bb-96c78155534e', 'Randell', '798-524-1563', 'Cayette',
        'e1fcc078-445b-4243-af17-2e25f86ab352', '417c9b36-251a-4483-bfbf-abd3df786d96');