    -- noinspection SqlNoDataSourceInspectionForFile

    INSERT INTO ROLE (name)
    VALUES ('ROLE_BLOOD_DONOR');
    INSERT INTO ROLE (name)
    VALUES ('ROLE_STAFF');
    INSERT INTO ROLE (name)
    VALUES ('ROLE_SYSTEM_ADMIN');

    INSERT INTO "address" ("id", "city", "country", "latitude", "longitude", "number", "street") VALUES
    ('2bd51846-02bd-4a36-9978-8cdc2222ee92', 'Paris 15', 'France', '48.8466523', '2.2582125', '604', 'Sutteridge'),
    ('45556283-1fa8-4416-843c-47dafc982bfb', 'Piippola', 'Finland', '64.1775401', '25.9658805', '8', 'Vera'),
    ('86e56295-3ec3-49c5-b72f-5d95edab0e08', 'Puerto Barrios', 'Guatemala', '15.7318052', '-88.5847779', '24', 'Jana'),
    ('17d8d015-a3c3-4e76-8210-e362e366b0b2', 'Tobias Barreto', 'Brazil', '-11.1851883', '-38.0005207', '7', 'Rusk'),
    ('2d4b0a51-7542-4be1-a57a-f14b465451a4', 'Pledo', 'Indonesia', '-8.2764084', '123.309328', '95', 'Truax'),
    ('939efe38-a1be-4112-b34b-128491d6f5dd', 'Nowe Brzesko', 'Poland', '50.1552166', '20.397498', '3117', 'Village Green'),
    ('4d1da588-b13f-4716-9533-640aae9c0a60', 'Zhangdian', 'China', '36.806669', '118.017938', '0', 'Chive'),
    ('5d25dcf7-b211-4c9c-8c90-f82f9d39ad95', 'Lobuk', 'Indonesia', '-8.650979', '116.3249438', '2', 'Crowley'),
    ('aa3948bd-ec40-4a29-9ab9-158cd04cf4f9', 'Meadow Lake', 'Canada', '54.1212091', '-108.4295552', '26', 'Gulseth'),
    ('3fcb98c0-7178-4dc7-81c7-8da35870ee4c', 'Jiekou', 'China', '23.544678', '113.591349', '48', 'Upham'),
    ('35b8dd36-4193-447b-8a66-558340748aef', 'Karangpapak', 'Indonesia', '-6.9467616', '106.4729811', '247', 'Melby'),
    ('074a6e8f-7a5b-418f-9e23-4b8b2221869b', 'Xingzhen', 'China', '34.931466', '109.449831', '34795', 'Meadow Valley'),
    ('45518f4a-92f1-4956-bda6-d46148a69ca6', 'Pasirlaja', 'Indonesia', '-6.5472126', '106.8384873', '20409', 'Main'),
    ('19d269c6-e116-4c95-bde9-c3b2e2194b94', 'Barra Cheia', 'Portugal', '38.6134405', '-9.0019336', '086', 'Gina'),
    ('3830191f-1e64-4276-8a70-3628ad82a976', 'Gaur', 'Nepal', '26.7831243', '85.2774207', '20', 'Killdeer'),
    ('8916609a-8c06-41af-8cdd-fc4fa99bb6a2', 'Sumbersewu', 'Indonesia', '-8.4031608', '114.3371145', '1148', 'Talmadge'),
    ('1153209c-4ab6-4387-879c-dc8bea855998', 'La Soledad', 'Mexico', '17.0635121', '-96.7300158', '0', 'Kim'),
    ('e8080da8-22c2-49c5-913f-70b442507f0d', 'As Samawah', 'Iraq', '31.3188393', '45.2806177', '7', 'Crownhardt'),
    ('d1297c82-e2ee-4318-ae5c-5e1b3e00db02', 'Đạ Tẻh', 'Vietnam', '11.5705176', '107.5268471', '07', 'Katie'),
    ('ee7bd09e-e5ae-4ccb-940d-fc672bf7c3f2', 'Sumalig', 'Philippines', '7.998611', '123.6602783', '925', 'Redwing'),
    ('1dec3be1-2ea0-4019-aafc-5edf5fe79be7', 'Río Grande', 'Dominican Republic', '18.9120012', '-70.7490939', '62861', 'Dunning'),
    ('0d20b511-80fc-4672-83a4-b4a1c1615025', 'Jianshan', 'China', '46.64635', '131.158416', '078', 'Melvin'),
    ('6cdd3c67-fc13-4786-8556-293bbcaabdc8', 'Samut Prakan', 'Thailand', '13.60864', '100.611156', '189', 'Mayer'),
    ('6ad92962-6497-4755-8071-e61272d41e8b', 'Xingfu', 'China', '37.031485', '118.254644', '68', 'Darwin'),
    ('e2e38e2c-7aff-41ac-8a0c-2b798d2bc8ae', 'Daluo', 'China', '23.348395', '111.023398', '9', 'Karstens'),
    ('dc604781-d387-4b09-bf34-d0535bae4716', 'Ipatinga', 'Brazil', '-19.4746347', '-42.5264409', '0253', 'Cody'),
    ('96514b97-2d66-45b4-8993-c767e6dd957a', 'Bitkine', 'Chad', '11.9781075', '18.2110626', '8', 'Gulseth'),
    ('3dc29f34-0f5d-441e-bb68-372d6506e335', 'Zengjia', 'China', '30.411429', '118.390218', '5743', 'Springs'),
    ('da3f349a-bb59-4a24-a960-007becd5142f', 'Jinjiang', 'China', '24.781681', '118.552365', '09', 'Thierer'),
    ('0537cd68-3419-4a6b-874e-c5e8cc2af595', 'Mahanoro', 'Madagascar', '-19.894468', '48.8070527', '73', 'Di Loreto'),
    ('9ccbc1d4-3fe0-4b53-afbf-634ab6a973a9', 'Nepomuceno', 'Brazil', '-21.2335652', '-45.2325476', '0862', 'Mendota'),
    ('450b3ace-9d5c-494e-bd81-482334333502', 'Vredenburg', 'South Africa', '-32.9127799', '17.9946667', '833', 'Mccormick'),
    ('dcc298d3-315a-456b-912a-0dc4e6836c29', 'Bailadores', 'Venezuela', '8.2563795', '-71.8260021', '70391', 'Lukken'),
    ('771c7269-d7de-4751-ad88-7c3f0047eec8', 'Arţās', 'Palestinian Territory', '31.689957', '35.188236', '406', 'Sachtjen'),
    ('7fac89b4-0e9b-47dd-a44b-7e7c7ea2f299', 'Topchikha', 'Russia', '52.824354', '83.119824', '98', 'American'),
    ('6c53ea13-bb35-43ef-9dd3-5235c1cfafe0', 'Carora', 'Venezuela', '10.1814384', '-70.073769', '249', 'Arkansas'),
    ('68d2d018-87e6-4df8-ad4c-2a34f388173a', 'Huangchuan', 'China', '32.131522', '115.051908', '9', 'Jay'),
    ('875b0472-8e6b-465b-b468-bc9ef415cd4d', 'Cheongju-si', 'South Korea', '36.6424341', '127.4890319', '7172', 'Eagan'),
    ('cee53ee3-63a0-44aa-99fc-32704854163d', 'Poroshkovo', 'Ukraine', '48.6688151', '22.7524961', '213', 'East'),
    ('950cc186-a0b1-46ed-9f9b-09590f3ae809', 'Teberda', 'Russia', '43.4265165', '41.7374739', '14', 'Marquette'),
    ('b36458c9-b8e9-4b9a-aa7a-b9171dd4e6b5', 'Tadou', 'China', '26.3705389', '118.2323381', '2251', 'Dawn'),
    ('3316eddc-33c0-46b3-8ebf-63903b13500c', 'Barbacena', 'Brazil', '-21.2399347', '-43.7764925', '7605', 'Spenser'),
    ('4d85b56c-bdb8-4a6c-906d-b17fddd0b8a3', 'Buenaventura', 'Colombia', '3.2572094', '-77.2864879', '33', 'Dorton'),
    ('0c3972ae-4e3b-45b3-9c3b-2f6326fcd4af', 'Kalilangan', 'Philippines', '7.7019624', '124.7496736', '7', 'Fremont'),
    ('f2ee7fe8-5b56-4a33-aa18-e77a64ff0052', 'Saḩab', 'Yemen', '15.60223', '44.0242', '804', 'Crescent Oaks'),
    ('3794f06f-8865-4242-9a38-c57cd2af899b', 'Borok', 'Russia', '58.1494235', '38.2144331', '2083', 'Kings'),
    ('6e70e8fa-9a38-49ab-a14e-47fb2f92a0bf', 'Gayamdesa', 'Indonesia', '-7.1929741', '111.7197315', '2', 'Green Ridge'),
    ('8a6c3e42-7e6b-4310-b9f5-4a3b307a0791', 'Nossa Senhora da Glória', 'Brazil', '-10.2156554', '-37.4212807', '6', 'Independence'),
    ('ab3214cd-4956-4c9b-8628-6cca4712ac7f', 'Salaš Crnobarski', 'Serbia', '44.8209481', '19.3850911', '8', 'Badeau'),
    ('bc658e6d-e4dd-4f8c-b10f-30855e27fcd6', 'Malamig', 'Philippines', '14.6458474', '121.0543553', '740', 'Westport'),
    ('293c95e3-5fee-488c-bf47-e37a7de586f9', 'Rosso', 'Mauritania', '16.5163413', '-15.802612', '28358', 'Stuart'),
    ('1cba0266-51ea-4ebc-8e29-57da4fcb2bc1', 'Nis', 'Serbia', '43.32', '21.89', '11', 'Pariske komune'),
    ('3e0d3fc9-9048-4136-bb36-406142fd4e87', 'Tanggulangin', 'Indonesia', '-7.5145399', '112.7330892', '26', '2nd'),
    ('2efc2e9b-74ac-4e59-9225-6e2fe012568d', 'Honolulu', 'United States', '21.3488387', '-157.9435603', '066', 'Lawn'),
    ('8cbbc17c-191b-448f-b766-9217bcfdcec6', 'Sertolovo', 'Russia', '60.1444151', '30.1938428', '96025', 'Onsgard'),
    ('6e5bf454-9ac5-4a64-87fe-5b6fb2725e67', 'Wanghu', 'China', '30.661419', '116.244678', '09584', 'Service'),
    ('f36cf4ce-86ea-4f08-b064-b2bd152e8a7b', 'Santa Eulalia', 'Peru', '-11.9019296', '-76.6658165', '702', 'Morning'),
    ('df185d48-a8bf-4732-b76d-16e02419f36c', 'Baishan', 'China', '41.933917', '126.422806', '9056', 'Pine View'),
    ('39557e13-66ae-4cec-b5eb-f33a5478de5d', 'Zipaquirá', 'Colombia', '5.021476', '-73.990955', '56', 'Muir'),
    ('17e8049f-eedd-4cf1-b28c-3b4b4dc1e44f', 'Weligama', 'Sri Lanka', '5.973323', '80.437663', '44', 'Jackson'),
    ('03d4b440-ff6f-400e-bf06-ba9492995831', 'Daguo', 'China', '38.070311', '114.411459', '47341', 'Grayhawk'),
    ('53d3189d-9076-4812-a531-af0c36435398', 'Huancabamba', 'Peru', '-5.3860856', '-79.4703885', '9', 'Bunker Hill'),
    ('409562ff-332d-401d-b1e6-82ffbf55f3b4', 'Tambak', 'Philippines', '13.9743478', '121.6910432', '7071', 'Duke'),
    ('13ab1360-e8ad-4bcf-bd46-a4546a844b69', 'Lidingö', 'Sweden', '59.37407', '18.1203419', '29193', 'Shelley'),
    ('4a08c375-5d2a-40c4-abea-d60747250183', 'Buray', 'Philippines', '12.6679167', '123.9881642', '238', 'Becker'),
    ('757c810d-985c-4b0f-8797-4d1f4fd3eafa', 'Mengcheng Chengguanzhen', 'China', '33.267964', '116.557663', '3', 'Maple Wood'),
    ('5f4b6c86-455f-4bc2-b7a4-3e8757597742', 'Płock', 'Poland', '52.5363656', '19.7751366', '623', 'Londonderry'),
    ('c7757be4-4ab0-4447-8229-08b02eca0f28', 'Ystad', 'Sweden', '55.4254871', '13.7952433', '9480', 'Shopko'),
    ('c9432347-588b-44ba-be57-d3995fb8bbf0', 'Mosjøen', 'Norway', '65.836924', '13.1934011', '8', 'Declaration'),
    ('198cd840-4683-4f57-b002-6d2bc3a1e595', 'Kstovo', 'Russia', '56.0978911', '44.2206243', '6391', 'Fuller'),
    ('a8b83bef-d33e-4381-9c0f-e94c84e5c64b', 'Cuyotenango', 'Guatemala', '14.540627', '-91.570932', '6', 'Mcbride'),
    ('0b1a6c77-c606-4a1b-a19f-18f3e7c503c8', 'Krasnaye', 'Belarus', '52.8874021', '30.0360311', '22', '5th'),
    ('94074702-e22b-4267-b89d-95be15b7e1e4', 'Unión', 'Argentina', '-32.8916404', '-60.7039167', '11', 'Kensington'),
    ('763e600a-8188-418e-a8b3-6a89f573f85a', 'Bucu Lor', 'Indonesia', '-6.5397069', '110.8463512', '41', 'Tennessee'),
    ('97b9d25a-ee65-4642-88cb-a28321350044', 'Chinchero', 'Peru', '-13.3964033', '-72.0514291', '450', 'Del Sol'),
    ('91d0d32d-bd5d-4228-954b-34bcb5408e5e', 'Raškovice', 'Czech Republic', '49.6197452', '18.4728742', '61', 'East'),
    ('40d0b0f0-b42f-482d-81ac-2aacfdcf3281', 'Amagasaki', 'Japan', '35.1844489', '136.7959808', '06', 'Anhalt'),
    ('0d889855-30b2-4138-a2fd-b0a49a5afad1', 'Guaratuba', 'Brazil', '-25.8804742', '-48.5737662', '84609', 'Jenifer'),
    ('d15bdb45-7aed-4b80-9a8f-418bc0d87f15', 'Wutumeiren', 'China', '36.909074', '93.163273', '1', 'Mcguire'),
    ('18232c6d-23ee-451b-aa38-4e914d9ae932', 'Calachuchi', 'Philippines', '14.5180441', '121.0350642', '023', 'Golden Leaf'),
    ('64386a8e-e685-49d1-80d7-b2d7e382624e', 'Kut Chum', 'Thailand', '16.0206637', '104.3381361', '551', 'Knutson'),
    ('c4075b74-7388-44ab-8acf-f96fbda87109', 'Maroa', 'Venezuela', '2.7005604', '-66.8081979', '5612', 'Ohio'),
    ('e6d8e0f8-f856-4a4f-a722-daa30b339913', 'Firmat', 'Argentina', '-33.453544', '-61.486922', '146', 'Evergreen'),
    ('85c650ab-6391-4394-b792-4ff3cbffed21', 'Barisan', 'Indonesia', '-6.8448925', '108.7883125', '29049', 'Heffernan'),
    ('4353e4f6-07b5-4c4d-8399-ff6d26293080', 'Lemery', 'Philippines', '14.5665991', '121.0022623', '5040', 'Cottonwood'),
    ('4378cad3-9245-42dc-8b08-54f3399c783d', 'Heping', 'China', '24.44218', '114.938684', '37', 'Amoth'),
    ('b315fdb9-b702-41c5-92f7-d3f00a28c86f', 'Hongxingqiao', 'China', '34.007974', '119.839212', '5', 'School'),
    ('983b4737-25a8-4bac-abb2-8fe397e0011e', 'Proptisht', 'Albania', '40.9817461', '20.5073937', '0', 'Lunder'),
    ('3111e03f-3242-42ea-b45d-6ce523a0b70a', 'Chaoyang', 'China', '41.57365', '120.4493879', '5898', 'Comanche'),
    ('a5cb0a1e-0ec4-4a7c-b05f-186dc5a554a0', 'Colonia Mauricio José Troche', 'Paraguay', '-25.6177713', '-56.2817585', '3909', 'Pleasure'),
    ('69714ee4-d9c3-499b-9038-71ec7b66dad0', 'Kungsbacka', 'Sweden', '57.50622', '12.057449', '08', 'Welch'),
    ('6b8b7f69-b321-4ddc-9933-1974b5097c70', 'Besançon', 'France', '47.2215999', '5.9675963', '4', 'Helena'),
    ('e8e07946-eb58-4e5e-989d-efe4d70efb3b', 'Phùng', 'Vietnam', '21.0877573', '105.6603149', '860', 'Di Loreto'),
    ('23a30326-b810-4828-8bec-b6a85730f71e', 'Songkan', 'China', '28.534704', '106.864861', '68854', 'Roth'),
    ('b4c566a7-15dc-4aeb-9107-0a5bbedf1549', 'Mabusag', 'Philippines', '17.9333', '120.467', '33582', 'Carpenter'),
    ('2d387278-ecc6-49f7-b30c-329ff5c46273', 'Malilipot', 'Philippines', '13.29664', '123.756628', '75', 'Amoth'),
    ('84824b92-d9df-4a4b-8184-417a30f5f189', 'San Agustín Acasaguastlán', 'Guatemala', '14.9446785', '-89.9692791', '705', 'Everett'),
    ('efaa218a-0d2d-48bd-8e5d-dce802de23e4', 'Praia da Tocha', 'Portugal', '40.323749', '-8.7980385', '79742', 'Fremont'),
    ('666ec817-9d96-4d62-a1cb-5e4538a656d0', 'Plaisir', 'France', '48.8179158', '1.967221', '19', 'Manley'),
    ('5438ae91-a1ff-490e-8ae3-fda72c543fa6', 'Benito Juarez', 'Mexico', '22.2016816', '-97.8367954', '22399', 'Carey');

    INSERT INTO "blood_center" ("id", "description", "is_delivery_in_progres", "is_helicopter_here", "name", "rating", "end_hours", "end_minutes", "start_hours", "start_minutes", "address_id") VALUES
    ('8ff9a8e5-8dad-4eb8-a56e-4b02c34fbcc2', 'This is a blood center for donating blood', 'false', 'false', 'Will-Wiza', '4', '20', '0', '6', '0', '1cba0266-51ea-4ebc-8e29-57da4fcb2bc1'),
    ('4cec86a6-f6a9-4dcd-8106-26348e919396', 'This is a blood center for donating blood', 'false', 'false', '"Kessler, Bins and Goyette"', '2', '20', '0', '6', '0', '8916609a-8c06-41af-8cdd-fc4fa99bb6a2'),
    ('db28a77c-61e0-4cf3-b063-462e443c24f6', 'This is a blood center for donating blood', 'false', 'false', 'Parker Inc', '4', '20', '0', '6', '0', 'c7757be4-4ab0-4447-8229-08b02eca0f28'),
    ('030d4489-0fb8-49a2-83bf-1ac52ee74f7a', 'This is a blood center for donating blood', 'false', 'false', 'Dickens-Okuneva', '3', '20', '0', '6', '0', '97b9d25a-ee65-4642-88cb-a28321350044'),
    ('bf1d61b6-aa80-4b98-ba0f-d3885d444bb9', 'This is a blood center for donating blood', 'false', 'false', 'Bechtelar-Hermann', '2', '20', '0', '6', '0', '8916609a-8c06-41af-8cdd-fc4fa99bb6a2'),
    ('e0af597b-ea79-43a2-a009-e252d55df377', 'This is a blood center for donating blood', 'false', 'false', 'Greenfelder-Hintz', '2', '20', '0', '6', '0', 'd15bdb45-7aed-4b80-9a8f-418bc0d87f15'),
    ('082d6432-e75c-4d72-b8db-0f529f1395fa', 'This is a blood center for donating blood', 'false', 'false', '"White, Harris and Lubowitz"', '1', '20', '0', '6', '0', '23a30326-b810-4828-8bec-b6a85730f71e'),
    ('53bf3453-cd1a-4498-9eef-176cd443d47e', 'This is a blood center for donating blood', 'false', 'false', '"Abernathy, Abshire and Smith"', '4', '20', '0', '6', '0', 'a5cb0a1e-0ec4-4a7c-b05f-186dc5a554a0'),
    ('d5c151f6-e969-4615-b586-1ee2b317d0c6', 'This is a blood center for donating blood', 'false', 'false', 'Harber Group', '2', '20', '0', '6', '0', '3fcb98c0-7178-4dc7-81c7-8da35870ee4c'),
    ('120a7657-e855-4fce-9128-66b0b4698f7d', 'This is a blood center for donating blood', 'false', 'false', 'Cruickshank and Sons', '3', '20', '0', '6', '0', '0c3972ae-4e3b-45b3-9c3b-2f6326fcd4af');

    INSERT INTO "equipment" ("id", "name", "quantity", "blood_center_id") VALUES
    ('a792473d-7f07-44c4-aa71-c032c6ed80fd', 'Kids', '73', '8ff9a8e5-8dad-4eb8-a56e-4b02c34fbcc2'),
    ('33b0fa26-c60b-42ea-bced-23129b3083a4', 'Industrial', '64', '8ff9a8e5-8dad-4eb8-a56e-4b02c34fbcc2'),
    ('37be29ce-2ebf-4595-8d61-2b67f667ea13', 'Music', '65', '8ff9a8e5-8dad-4eb8-a56e-4b02c34fbcc2'),
    ('d5ff4070-08ab-49d6-be46-5c7cfd181d31', 'Jewelry', '75', '8ff9a8e5-8dad-4eb8-a56e-4b02c34fbcc2'),
    ('5ae7753d-8a78-473f-9a83-e0368f73a548', 'Computers', '76', '8ff9a8e5-8dad-4eb8-a56e-4b02c34fbcc2'),
    ('6aab61b0-fe0c-4164-95ea-23efb635b707', 'Movies', '17', '8ff9a8e5-8dad-4eb8-a56e-4b02c34fbcc2'),
    ('3fbdad62-abd2-4b9a-8897-768dd9223cdc', 'Garden', '16', '8ff9a8e5-8dad-4eb8-a56e-4b02c34fbcc2'),
    ('885de074-aac8-499b-b6bb-de8324adc6db', 'Beauty', '27', '8ff9a8e5-8dad-4eb8-a56e-4b02c34fbcc2'),
    ('e8478c14-3b0d-4236-8093-5485482d6f2a', 'Shoes', '22', '8ff9a8e5-8dad-4eb8-a56e-4b02c34fbcc2'),
    ('db81c6b1-87e2-4e8b-9660-f3704cfdc634', 'Health', '60', '8ff9a8e5-8dad-4eb8-a56e-4b02c34fbcc2');

    INSERT INTO "questionnaire" ("id", "feels_bad", "high_or_low_presure", "onmc", "on_therapy", "pricing_or_surgical_interventions_or_blood_transfusion", "recent_dentist", "skin_changes", "under50kg") VALUES
    ('d1ee4345-2a74-41bb-a281-6f47e0432976', 'false', 'false', 'false', 'false', 'false', 'false', 'false', 'false'),
    ('9821bf9c-4ceb-4256-a832-2f8a7b06437c', 'false', 'false', 'false', 'false', 'false', 'false', 'false', 'false'),
    ('077e683d-c2bf-4499-98e3-324b8d98646b', 'false', 'false', 'false', 'false', 'false', 'false', 'false', 'false'),
    ('41a290d6-4024-4f23-b3b7-39fb2da893d5', 'false', 'false', 'false', 'false', 'false', 'false', 'false', 'false'),
    ('6345f89c-668b-4cba-a464-1fc02d6c6c98', 'false', 'false', 'false', 'false', 'false', 'false', 'false', 'false'),
    ('d417332a-e235-4c3c-b008-8e320ce50c7f', 'false', 'false', 'false', 'false', 'false', 'false', 'false', 'false'),
    ('071949b0-2a46-436e-9028-5ed182b91bf8', 'false', 'false', 'false', 'false', 'false', 'false', 'false', 'false'),
    ('9bfe6588-f551-4cad-b47b-e4ff016baf52', 'false', 'false', 'false', 'false', 'false', 'false', 'false', 'false'),
    ('eafb3437-fc97-4d30-9cba-64cc10f07e7a', 'false', 'false', 'false', 'false', 'false', 'false', 'false', 'false'),
    ('53b87454-30b4-4ce9-a199-6007102d4eca', 'false', 'false', 'false', 'false', 'false', 'false', 'false', 'false'),
    ('0a506dd6-d45d-4843-ad1b-79bf0f4d0ced', 'false', 'false', 'false', 'false', 'false', 'false', 'false', 'false'),
    ('fd065b45-5b99-4213-ae30-7ac8c7c02126', 'false', 'false', 'false', 'false', 'false', 'false', 'false', 'false'),
    ('bbfc0376-461e-4b56-87cd-b4025156b21d', 'false', 'false', 'false', 'false', 'false', 'false', 'false', 'false'),
    ('70bf6c46-1856-40df-9e30-1c1444581b42', 'false', 'false', 'false', 'false', 'false', 'false', 'false', 'false'),
    ('d8e8f288-7d99-43f5-ac40-e8ead442ac1e', 'false', 'false', 'false', 'false', 'false', 'false', 'false', 'false');

    INSERT INTO "blood_donor" ("id", "name", "phone_number", "surname", "gender", "institution", "jmbg", "occupation", "penalties", "points", "address_id", "questionnaire_id") VALUES
    ('e23e75a8-6815-4931-92e0-6611c8ee3d21', 'Hilary', '776-447-2954', 'Crome', '0', 'Skilith', '3321474551101', 'Compensation Analyst', '1', '224', 'b4c566a7-15dc-4aeb-9107-0a5bbedf1549', 'd1ee4345-2a74-41bb-a281-6f47e0432976'),
    ('00b898e5-36a8-4b2e-a3b9-e6bc86c24c8f', 'Serge', '319-957-9022', 'Boaler', '0', 'Quamba', '6527055610646', 'Graphic Designer', '1', '119', '6e5bf454-9ac5-4a64-87fe-5b6fb2725e67', '9821bf9c-4ceb-4256-a832-2f8a7b06437c'),
    ('cb811d9f-5044-4024-8b5e-ee107f2c80cc', 'Marshall', '124-607-6484', 'Gounel', '1', 'Tazzy', '8494464339086', 'Research Assistant IV', '1', '434', '6e5bf454-9ac5-4a64-87fe-5b6fb2725e67', '077e683d-c2bf-4499-98e3-324b8d98646b'),
    ('556eaca5-d396-49ce-a81e-1ce96bd7869e', 'Junette', '465-589-9988', 'Cutbirth', '1', 'Shufflebeat', '7116264942348', 'Staff Accountant IV', '1', '238', '9ccbc1d4-3fe0-4b53-afbf-634ab6a973a9', '41a290d6-4024-4f23-b3b7-39fb2da893d5'),
    ('7c29825b-adcb-417b-b778-a2f53723ea9b', 'Gracia', '841-599-4048', 'Robertz', '1', 'Viva', '6875651926550', 'Software Test Engineer IV', '1', '110', '7fac89b4-0e9b-47dd-a44b-7e7c7ea2f299', '6345f89c-668b-4cba-a464-1fc02d6c6c98'),
    ('c7704efb-50e5-4c28-98cb-9ea78cb989f7', 'Rawley', '145-916-1350', 'Huckerby', '0', 'Lazzy', '8020584855632', 'Librarian', '1', '199', '8a6c3e42-7e6b-4310-b9f5-4a3b307a0791', 'd417332a-e235-4c3c-b008-8e320ce50c7f'),
    ('6621bf6f-8209-482e-bc4f-10f096d7c9e7', 'Bud', '499-518-1464', 'Tschierasche', '1', 'Topicware', '4816063836594', 'Marketing Assistant', '1', '31', '074a6e8f-7a5b-418f-9e23-4b8b2221869b', '071949b0-2a46-436e-9028-5ed182b91bf8'),
    ('d0bd8f7c-b51f-46b1-a7d7-bfc984d9fa31', 'Burlie', '269-111-4487', 'Hiner', '0', 'Quimba', '2468285696663', 'Technical Writer', '1', '484', 'b36458c9-b8e9-4b9a-aa7a-b9171dd4e6b5', '9bfe6588-f551-4cad-b47b-e4ff016baf52'),
    ('8f093254-376e-407a-9cb7-85c28ec31962', 'Em', '171-428-5351', 'Pratte', '1', 'Babblestorm', '5630351640647', 'Geological Engineer', '1', '117', 'd1297c82-e2ee-4318-ae5c-5e1b3e00db02', 'eafb3437-fc97-4d30-9cba-64cc10f07e7a'),
    ('fdc478ca-0d28-46fb-925b-69b495c5fd6f', 'Jeffie', '769-701-5236', 'Woodruffe', '0', 'Skalith', '2985202144485', 'Programmer Analyst III', '1', '66', '4378cad3-9245-42dc-8b08-54f3399c783d', '53b87454-30b4-4ce9-a199-6007102d4eca'),
    ('2d006891-a145-474c-8d08-5aadbf567c1e', 'Frederigo', '763-568-5723', 'Blore', '1', 'Kaymbo', '1108671189695', 'Chemical Engineer', '1', '489', 'a8b83bef-d33e-4381-9c0f-e94c84e5c64b', '0a506dd6-d45d-4843-ad1b-79bf0f4d0ced'),
    ('b1193ef6-cdc3-4285-a38d-7b8eef0cad73', 'Annalee', '300-296-3689', 'Kenna', '0', 'Centizu', '4408752648339', 'Software Engineer II', '1', '283', '4d85b56c-bdb8-4a6c-906d-b17fddd0b8a3', 'fd065b45-5b99-4213-ae30-7ac8c7c02126'),
    ('17524be2-9f22-4729-955a-62f1228a6c87', 'Faina', '335-248-1970', 'Denton', '0', 'Minyx', '3961529617565', 'Technical Writer', '1', '77', '4a08c375-5d2a-40c4-abea-d60747250183', 'bbfc0376-461e-4b56-87cd-b4025156b21d'),
    ('6d3138bc-ef03-453e-a66e-59f0f65e548e', 'Rog', '710-400-7603', 'Grissett', '0', 'Agivu', '4801568874597', 'Structural Engineer', '1', '497', '666ec817-9d96-4d62-a1cb-5e4538a656d0', '70bf6c46-1856-40df-9e30-1c1444581b42'),
    ('99eac575-bd12-442f-b7b4-05d7498e0d7a', 'Felipe', '828-422-0991', 'Plinck', '1', 'Abatz', '1414607125211', 'Computer Systems Analyst I', '1', '462', '53d3189d-9076-4812-a531-af0c36435398', 'd8e8f288-7d99-43f5-ac40-e8ead442ac1e');

    INSERT INTO "staff" ("id", "name", "phone_number", "surname", "version", "address_id", "blood_center_id") VALUES
    ('e6bfe80e-9403-4533-9a46-5b5e88a75e16', 'Nicholle', '621-679-4875', 'Burree', '1', '13ab1360-e8ad-4bcf-bd46-a4546a844b69', '8ff9a8e5-8dad-4eb8-a56e-4b02c34fbcc2'),
    ('4b3d3597-5de9-4890-9d46-93fa3c1a746a', 'Franklin', '981-896-2105', 'Sulley', '1', '17e8049f-eedd-4cf1-b28c-3b4b4dc1e44f', '8ff9a8e5-8dad-4eb8-a56e-4b02c34fbcc2'),
    ('a449487b-5159-403c-be14-4bac6da9e477', 'Thibaut', '314-814-6868', 'Treby', '1', '85c650ab-6391-4394-b792-4ff3cbffed21', '8ff9a8e5-8dad-4eb8-a56e-4b02c34fbcc2'),
    ('c7f815ad-f42f-4c93-9136-41efc620441c', 'Sutton', '872-148-8610', 'Yakunkin', '1', '1dec3be1-2ea0-4019-aafc-5edf5fe79be7', '8ff9a8e5-8dad-4eb8-a56e-4b02c34fbcc2'),
    ('35deb1f1-f083-4fbd-9445-7133a1f0910f', 'Sophie', '722-111-7076', 'Burnes', '1', '763e600a-8188-418e-a8b3-6a89f573f85a', '030d4489-0fb8-49a2-83bf-1ac52ee74f7a'),
    ('3e9a60c6-e678-48cd-af8f-a97babace608', 'Carolina', '671-458-3784', 'Koeppke', '1', '69714ee4-d9c3-499b-9038-71ec7b66dad0', 'db28a77c-61e0-4cf3-b063-462e443c24f6'),
    ('46b8beeb-0a67-416d-a6fb-e17e5d0140d2', 'Susana', '846-993-4058', 'Gauden', '1', 'dc604781-d387-4b09-bf34-d0535bae4716', '120a7657-e855-4fce-9128-66b0b4698f7d'),
    ('567e707d-9454-457e-8c47-dc1aad02a212', 'Ky', '512-304-5475', 'Ech', '1', '7fac89b4-0e9b-47dd-a44b-7e7c7ea2f299', 'e0af597b-ea79-43a2-a009-e252d55df377'),
    ('f6510778-a22e-42e7-a2f4-a230e9a66ec8', 'Wendi', '404-101-5386', 'Wedderburn', '1', '94074702-e22b-4267-b89d-95be15b7e1e4', '53bf3453-cd1a-4498-9eef-176cd443d47e'),
    ('b6f5873e-97ff-46b8-babf-990b5886cf88', 'Edward', '364-139-9620', 'Wavell', '1', '763e600a-8188-418e-a8b3-6a89f573f85a', 'd5c151f6-e969-4615-b586-1ee2b317d0c6'),
    ('6d1ca535-3bd4-4d2d-a374-44a39cf7caef', 'Deidre', '899-523-5824', 'Pitrasso', '1', 'e8e07946-eb58-4e5e-989d-efe4d70efb3b', '082d6432-e75c-4d72-b8db-0f529f1395fa'),
    ('1d07c96c-fb7d-4fd5-8494-200b4a39af0c', 'Ted', '944-813-4140', 'Ridolfi', '1', '13ab1360-e8ad-4bcf-bd46-a4546a844b69', '082d6432-e75c-4d72-b8db-0f529f1395fa'),
    ('28f02dc7-b5d6-400e-b77f-ed5cf3412baa', 'Vernon', '722-915-8930', 'Couroy', '1', '39557e13-66ae-4cec-b5eb-f33a5478de5d', '082d6432-e75c-4d72-b8db-0f529f1395fa'),
    ('2d045a45-7d6e-476c-9bbb-af100e2fb598', 'Devin', '676-666-2385', 'Lyford', '1', '666ec817-9d96-4d62-a1cb-5e4538a656d0', '53bf3453-cd1a-4498-9eef-176cd443d47e'),
    ('59beb697-bd54-4a50-ac61-da1f4b962ace', 'Agnesse', '466-218-2804', 'Hamberstone', '1', '757c810d-985c-4b0f-8797-4d1f4fd3eafa', 'd5c151f6-e969-4615-b586-1ee2b317d0c6'),
    ('5008d4ea-da3a-4bcd-86d1-219a930a1cd3', 'Fay', '833-499-3345', 'Grane', '1', 'f36cf4ce-86ea-4f08-b064-b2bd152e8a7b', '082d6432-e75c-4d72-b8db-0f529f1395fa'),
    ('7a1ce58f-4451-44d1-b60d-1bd3fe441201', 'Agnes', '527-227-2312', 'Matteacci', '1', '2bd51846-02bd-4a36-9978-8cdc2222ee92', '4cec86a6-f6a9-4dcd-8106-26348e919396'),
    ('62924f68-a36e-4026-a0d5-216c6a503f4f', 'Marika', '174-178-5477', 'Eppson', '1', '6ad92962-6497-4755-8071-e61272d41e8b', '4cec86a6-f6a9-4dcd-8106-26348e919396'),
    ('72007511-2ba0-4cad-8b47-46da5ea0cc91', 'Guss', '906-896-9748', 'Vernay', '1', '1cba0266-51ea-4ebc-8e29-57da4fcb2bc1', null),
    ('943c5327-e31c-4c18-9c6a-ed8c26a2c336', 'Kev', '152-911-4583', 'Scoone', '1', '757c810d-985c-4b0f-8797-4d1f4fd3eafa', null);

    INSERT INTO "account" ("id", "email", "is_activated", "last_password_update_date", "password", "person_id") VALUES
    ('1af4670f-807f-4147-8fd3-c86453ef7673', 'isadonor+1@gmail.com', 'true', null, '$2y$10$49qXN7cAPT7IanIsSk.3Be8GFLskf6eL.mcNQQAW6w0RRHCymHyBi', 'e23e75a8-6815-4931-92e0-6611c8ee3d21'),
    ('c7202a7b-0f80-40f4-84f9-dd905da4f7f2', 'isadonor+2@gmail.com', 'true', null, '$2y$10$49qXN7cAPT7IanIsSk.3Be8GFLskf6eL.mcNQQAW6w0RRHCymHyBi', '00b898e5-36a8-4b2e-a3b9-e6bc86c24c8f'),
    ('e666244a-afc1-4381-b14a-5cdb0b5f8242', 'isadonor+3@gmail.com', 'true', null, '$2y$10$49qXN7cAPT7IanIsSk.3Be8GFLskf6eL.mcNQQAW6w0RRHCymHyBi', 'cb811d9f-5044-4024-8b5e-ee107f2c80cc'),
    ('822a78fd-be18-44a5-b10a-f5d37517a8bc', 'isadonor+4@gmail.com', 'true', null, '$2y$10$49qXN7cAPT7IanIsSk.3Be8GFLskf6eL.mcNQQAW6w0RRHCymHyBi', '556eaca5-d396-49ce-a81e-1ce96bd7869e'),
    ('ea7d9c15-57e7-48cf-ad5d-36c9925862e1', 'isadonor+5@gmail.com', 'true', null, '$2y$10$49qXN7cAPT7IanIsSk.3Be8GFLskf6eL.mcNQQAW6w0RRHCymHyBi', '7c29825b-adcb-417b-b778-a2f53723ea9b'),
    ('f001f9c9-ed11-4622-beaf-f2d5a55fc19e', 'isadonor+6@gmail.com', 'true', null, '$2y$10$49qXN7cAPT7IanIsSk.3Be8GFLskf6eL.mcNQQAW6w0RRHCymHyBi', 'c7704efb-50e5-4c28-98cb-9ea78cb989f7'),
    ('9c807ecc-d165-458b-ad0d-5a8d4bdbcd8d', 'isadonor+7@gmail.com', 'true', null, '$2y$10$49qXN7cAPT7IanIsSk.3Be8GFLskf6eL.mcNQQAW6w0RRHCymHyBi', '6621bf6f-8209-482e-bc4f-10f096d7c9e7'),
    ('53b17316-b004-4f79-ac56-4ae02a2a8a6f', 'isadonor+8@gmail.com', 'true', null, '$2y$10$49qXN7cAPT7IanIsSk.3Be8GFLskf6eL.mcNQQAW6w0RRHCymHyBi', 'd0bd8f7c-b51f-46b1-a7d7-bfc984d9fa31'),
    ('6afc107f-bd52-4b14-8a03-a2ef4fb7a9d4', 'isadonor+9@gmail.com', 'true', null, '$2y$10$49qXN7cAPT7IanIsSk.3Be8GFLskf6eL.mcNQQAW6w0RRHCymHyBi', '8f093254-376e-407a-9cb7-85c28ec31962'),
    ('9fc4a043-bde7-47ad-9df5-62698fff10c6', 'isadonor+10@gmail.com', 'true', null, '$2y$10$49qXN7cAPT7IanIsSk.3Be8GFLskf6eL.mcNQQAW6w0RRHCymHyBi', 'fdc478ca-0d28-46fb-925b-69b495c5fd6f'),
    ('567f0f9a-a49b-4f50-a6d2-c8d14fdacb8c', 'isadonor+11@gmail.com', 'true', null, '$2y$10$49qXN7cAPT7IanIsSk.3Be8GFLskf6eL.mcNQQAW6w0RRHCymHyBi', '2d006891-a145-474c-8d08-5aadbf567c1e'),
    ('fffa7cad-64f0-4dba-970f-57e4510f7a7e', 'isadonor+12@gmail.com', 'true', null, '$2y$10$49qXN7cAPT7IanIsSk.3Be8GFLskf6eL.mcNQQAW6w0RRHCymHyBi', 'b1193ef6-cdc3-4285-a38d-7b8eef0cad73'),
    ('b1658589-6ace-4444-809b-54868f9b5e9a', 'isadonor+13@gmail.com', 'true', null, '$2y$10$49qXN7cAPT7IanIsSk.3Be8GFLskf6eL.mcNQQAW6w0RRHCymHyBi', '17524be2-9f22-4729-955a-62f1228a6c87'),
    ('0a45c5fa-4975-418a-91db-515ed7105879', 'isadonor+14@gmail.com', 'true', null, '$2y$10$49qXN7cAPT7IanIsSk.3Be8GFLskf6eL.mcNQQAW6w0RRHCymHyBi', '6d3138bc-ef03-453e-a66e-59f0f65e548e'),
    ('a72761e3-fbfd-414f-9089-948d254e9897', 'isadonor+15@gmail.com', 'true', null, '$2y$10$49qXN7cAPT7IanIsSk.3Be8GFLskf6eL.mcNQQAW6w0RRHCymHyBi', '99eac575-bd12-442f-b7b4-05d7498e0d7a');

    INSERT INTO "account" ("id", "email", "is_activated", "last_password_update_date", "password", "person_id") VALUES
    ('fa084eed-2a66-41df-a6bf-ac45d2e79ea6', 'isadonor+staff1@gmail.com', 'true', null, '$2y$10$49qXN7cAPT7IanIsSk.3Be8GFLskf6eL.mcNQQAW6w0RRHCymHyBi', 'e6bfe80e-9403-4533-9a46-5b5e88a75e16'),
    ('5f7ff8b1-d1e4-4844-a4ad-a598a51f0664', 'isadonor+staff2@gmail.com', 'true', null, '$2y$10$49qXN7cAPT7IanIsSk.3Be8GFLskf6eL.mcNQQAW6w0RRHCymHyBi', '4b3d3597-5de9-4890-9d46-93fa3c1a746a'),
    ('956ef955-d89f-4567-8461-c28acc9e411d', 'isadonor+staff3@gmail.com', 'true', null, '$2y$10$49qXN7cAPT7IanIsSk.3Be8GFLskf6eL.mcNQQAW6w0RRHCymHyBi', 'a449487b-5159-403c-be14-4bac6da9e477'),
    ('0d5c86cf-f2d1-49c6-b7b2-fbe50ae766fc', 'isadonor+staff4@gmail.com', 'true', null, '$2y$10$49qXN7cAPT7IanIsSk.3Be8GFLskf6eL.mcNQQAW6w0RRHCymHyBi', 'c7f815ad-f42f-4c93-9136-41efc620441c'),
    ('c1e45f97-6bde-4e24-a438-34cf916f12ef', 'isadonor+staff5@gmail.com', 'true', null, '$2y$10$49qXN7cAPT7IanIsSk.3Be8GFLskf6eL.mcNQQAW6w0RRHCymHyBi', '35deb1f1-f083-4fbd-9445-7133a1f0910f'),
    ('05fe998e-276d-4c5e-a70e-ecdcc549409c', 'isadonor+staff6@gmail.com', 'true', null, '$2y$10$49qXN7cAPT7IanIsSk.3Be8GFLskf6eL.mcNQQAW6w0RRHCymHyBi', '3e9a60c6-e678-48cd-af8f-a97babace608'),
    ('7d33cccc-79eb-4910-9cda-635cdafd65e7', 'isadonor+staff7@gmail.com', 'true', null, '$2y$10$49qXN7cAPT7IanIsSk.3Be8GFLskf6eL.mcNQQAW6w0RRHCymHyBi', '46b8beeb-0a67-416d-a6fb-e17e5d0140d2'),
    ('8e01ed29-766d-45c2-8f9e-28c93c78a10f', 'isadonor+staff8@gmail.com', 'true', null, '$2y$10$49qXN7cAPT7IanIsSk.3Be8GFLskf6eL.mcNQQAW6w0RRHCymHyBi', '567e707d-9454-457e-8c47-dc1aad02a212'),
    ('af9b055a-e283-4c23-b597-e34f1e73d95b', 'isadonor+staff9@gmail.com', 'true', null, '$2y$10$49qXN7cAPT7IanIsSk.3Be8GFLskf6eL.mcNQQAW6w0RRHCymHyBi', 'f6510778-a22e-42e7-a2f4-a230e9a66ec8'),
    ('12dfb056-b6e0-4765-8c23-0f19ca96ccc2', 'isadonor+staff10@gmail.com', 'true', null, '$2y$10$49qXN7cAPT7IanIsSk.3Be8GFLskf6eL.mcNQQAW6w0RRHCymHyBi', 'b6f5873e-97ff-46b8-babf-990b5886cf88'),
    ('65ab6048-0f68-42be-b627-aeaa2ac0cf07', 'isadonor+staff11@gmail.com', 'true', null, '$2y$10$49qXN7cAPT7IanIsSk.3Be8GFLskf6eL.mcNQQAW6w0RRHCymHyBi', '6d1ca535-3bd4-4d2d-a374-44a39cf7caef'),
    ('d1bc9427-7422-4fa8-aa23-3cbf43e93839', 'isadonor+staff12@gmail.com', 'true', null, '$2y$10$49qXN7cAPT7IanIsSk.3Be8GFLskf6eL.mcNQQAW6w0RRHCymHyBi', '1d07c96c-fb7d-4fd5-8494-200b4a39af0c'),
    ('86279d98-725b-4489-acaf-955e0f779a0a', 'isadonor+staff13@gmail.com', 'true', null, '$2y$10$49qXN7cAPT7IanIsSk.3Be8GFLskf6eL.mcNQQAW6w0RRHCymHyBi', '28f02dc7-b5d6-400e-b77f-ed5cf3412baa'),
    ('5357c551-d4a9-4b3c-adc8-6b63cc6616b7', 'isadonor+staff14@gmail.com', 'true', null, '$2y$10$49qXN7cAPT7IanIsSk.3Be8GFLskf6eL.mcNQQAW6w0RRHCymHyBi', '2d045a45-7d6e-476c-9bbb-af100e2fb598'),
    ('8215e466-d73c-4cc9-b4fd-418a2de79b94', 'isadonor+staff15@gmail.com', 'true', null, '$2y$10$49qXN7cAPT7IanIsSk.3Be8GFLskf6eL.mcNQQAW6w0RRHCymHyBi', '59beb697-bd54-4a50-ac61-da1f4b962ace'),
    ('8c5340db-0144-4937-bfd0-5e7195a3f06c', 'isadonor+staff16@gmail.com', 'true', null, '$2y$10$49qXN7cAPT7IanIsSk.3Be8GFLskf6eL.mcNQQAW6w0RRHCymHyBi', '5008d4ea-da3a-4bcd-86d1-219a930a1cd3'),
    ('da16537b-9ffa-4872-b580-c2d59d42bc63', 'isadonor+staff17@gmail.com', 'true', null, '$2y$10$49qXN7cAPT7IanIsSk.3Be8GFLskf6eL.mcNQQAW6w0RRHCymHyBi', '7a1ce58f-4451-44d1-b60d-1bd3fe441201'),
    ('7b49d814-9d9b-4ead-8756-25edffddb1db', 'isadonor+staff18@gmail.com', 'true', null, '$2y$10$49qXN7cAPT7IanIsSk.3Be8GFLskf6eL.mcNQQAW6w0RRHCymHyBi', '62924f68-a36e-4026-a0d5-216c6a503f4f'),
    ('b02475fd-26bf-4cae-a2a4-5d0acd99f9b2', 'isadonor+staff19@gmail.com', 'true', null, '$2y$10$49qXN7cAPT7IanIsSk.3Be8GFLskf6eL.mcNQQAW6w0RRHCymHyBi', '72007511-2ba0-4cad-8b47-46da5ea0cc91'),
    ('d097ccd7-b2cf-4b88-835c-9b62e19a845d', 'isadonor+staff20@gmail.com', 'true', null, '$2y$10$49qXN7cAPT7IanIsSk.3Be8GFLskf6eL.mcNQQAW6w0RRHCymHyBi', '943c5327-e31c-4c18-9c6a-ed8c26a2c336'),
    ('d94a02c8-17ff-4acc-87bb-3e9973ed8385', 'isadonor+admin1@gmail.com', 'true', '2023-01-26 00:00:00', '$2y$10$49qXN7cAPT7IanIsSk.3Be8GFLskf6eL.mcNQQAW6w0RRHCymHyBi', null);

    INSERT INTO "account_role" ("account_id", "role_id") VALUES
    ('1af4670f-807f-4147-8fd3-c86453ef7673', '1'),
    ('c7202a7b-0f80-40f4-84f9-dd905da4f7f2', '1'),
    ('e666244a-afc1-4381-b14a-5cdb0b5f8242', '1'),
    ('822a78fd-be18-44a5-b10a-f5d37517a8bc', '1'),
    ('ea7d9c15-57e7-48cf-ad5d-36c9925862e1', '1'),
    ('f001f9c9-ed11-4622-beaf-f2d5a55fc19e', '1'),
    ('9c807ecc-d165-458b-ad0d-5a8d4bdbcd8d', '1'),
    ('53b17316-b004-4f79-ac56-4ae02a2a8a6f', '1'),
    ('6afc107f-bd52-4b14-8a03-a2ef4fb7a9d4', '1'),
    ('9fc4a043-bde7-47ad-9df5-62698fff10c6', '1'),
    ('567f0f9a-a49b-4f50-a6d2-c8d14fdacb8c', '1'),
    ('fffa7cad-64f0-4dba-970f-57e4510f7a7e', '1'),
    ('b1658589-6ace-4444-809b-54868f9b5e9a', '1'),
    ('0a45c5fa-4975-418a-91db-515ed7105879', '1'),
    ('a72761e3-fbfd-414f-9089-948d254e9897', '1');

    INSERT INTO "account_role" ("account_id", "role_id") VALUES
    ('fa084eed-2a66-41df-a6bf-ac45d2e79ea6', '2'),
    ('5f7ff8b1-d1e4-4844-a4ad-a598a51f0664', '2'),
    ('956ef955-d89f-4567-8461-c28acc9e411d', '2'),
    ('0d5c86cf-f2d1-49c6-b7b2-fbe50ae766fc', '2'),
    ('c1e45f97-6bde-4e24-a438-34cf916f12ef', '2'),
    ('05fe998e-276d-4c5e-a70e-ecdcc549409c', '2'),
    ('7d33cccc-79eb-4910-9cda-635cdafd65e7', '2'),
    ('8e01ed29-766d-45c2-8f9e-28c93c78a10f', '2'),
    ('af9b055a-e283-4c23-b597-e34f1e73d95b', '2'),
    ('12dfb056-b6e0-4765-8c23-0f19ca96ccc2', '2'),
    ('65ab6048-0f68-42be-b627-aeaa2ac0cf07', '2'),
    ('d1bc9427-7422-4fa8-aa23-3cbf43e93839', '2'),
    ('86279d98-725b-4489-acaf-955e0f779a0a', '2'),
    ('5357c551-d4a9-4b3c-adc8-6b63cc6616b7', '2'),
    ('8215e466-d73c-4cc9-b4fd-418a2de79b94', '2'),
    ('8c5340db-0144-4937-bfd0-5e7195a3f06c', '2'),
    ('da16537b-9ffa-4872-b580-c2d59d42bc63', '2'),
    ('7b49d814-9d9b-4ead-8756-25edffddb1db', '2'),
    ('b02475fd-26bf-4cae-a2a4-5d0acd99f9b2', '2'),
    ('d097ccd7-b2cf-4b88-835c-9b62e19a845d', '2'),
    ('d94a02c8-17ff-4acc-87bb-3e9973ed8385', '3');

    INSERT INTO "blood_quantity" ("id", "blood_group", "quantity", "blood_center_id") VALUES
    ('ff94a9b0-bc2a-4f22-a34b-04e70fca2de8', '4', '138', '8ff9a8e5-8dad-4eb8-a56e-4b02c34fbcc2'),
    ('198a0e9b-ed3a-4c42-aead-0747c7eeb18d', '4', '190', '4cec86a6-f6a9-4dcd-8106-26348e919396'),
    ('e1d55c19-7332-457d-92b6-6b842d4cac52', '4', '174', 'db28a77c-61e0-4cf3-b063-462e443c24f6'),
    ('3c6b73af-5fa2-4772-be4e-07861a12575b', '4', '66', '030d4489-0fb8-49a2-83bf-1ac52ee74f7a'),
    ('fe277347-99f4-48e6-a656-d24f4c79be83', '4', '69', 'bf1d61b6-aa80-4b98-ba0f-d3885d444bb9'),
    ('88ae712b-33d7-415d-bd22-a502d31b5251', '4', '161', 'e0af597b-ea79-43a2-a009-e252d55df377'),
    ('463c86d3-074d-4d20-bd94-c239e1cb2937', '4', '8', '082d6432-e75c-4d72-b8db-0f529f1395fa'),
    ('bc4b8e56-e413-4581-b188-b501e6855c0f', '4', '47', '53bf3453-cd1a-4498-9eef-176cd443d47e'),
    ('45c324c4-c385-4862-84f5-dbddaa581f11', '4', '78', 'd5c151f6-e969-4615-b586-1ee2b317d0c6'),
    ('9f16b88c-7e76-4ad9-b134-4f8e99845349', '4', '21', '120a7657-e855-4fce-9128-66b0b4698f7d'),
    ('92cd8e29-3b07-488d-b207-55905de89169', '7', '26', '8ff9a8e5-8dad-4eb8-a56e-4b02c34fbcc2'),
    ('965b4c2b-052f-47bc-b74f-b62ee896031d', '7', '155', '4cec86a6-f6a9-4dcd-8106-26348e919396'),
    ('f5013a79-ced5-43a4-9218-344c8fd4d90b', '7', '137', 'db28a77c-61e0-4cf3-b063-462e443c24f6'),
    ('0530c115-72a6-4ca5-a768-0553222b1f38', '7', '155', '030d4489-0fb8-49a2-83bf-1ac52ee74f7a'),
    ('5be3be6c-848f-4ca4-8a42-2e548071042a', '7', '98', 'bf1d61b6-aa80-4b98-ba0f-d3885d444bb9'),
    ('40ede432-6656-4f4e-9bf4-3fa6d86f6149', '7', '160', 'e0af597b-ea79-43a2-a009-e252d55df377'),
    ('c325bea6-9a1e-4323-b4ea-5b7dcfd922dc', '7', '85', '082d6432-e75c-4d72-b8db-0f529f1395fa'),
    ('b15d85a5-a5a5-48d8-bc37-a6b501cb89df', '7', '74', '53bf3453-cd1a-4498-9eef-176cd443d47e'),
    ('d1b1ab83-4d5e-45ac-ab9c-f59ad8fcfd23', '7', '163', 'd5c151f6-e969-4615-b586-1ee2b317d0c6'),
    ('5806d770-615a-44b9-9970-982990022fbc', '7', '159', '120a7657-e855-4fce-9128-66b0b4698f7d'),
    ('ad5236cb-dee9-4e58-841a-53edd31b9d5d', '0', '84', '8ff9a8e5-8dad-4eb8-a56e-4b02c34fbcc2'),
    ('e3b04fba-68b7-4ecc-9eaf-25fb5061418b', '0', '2', '4cec86a6-f6a9-4dcd-8106-26348e919396'),
    ('ef3aaf85-535a-4ebe-8f1a-a09ecbacaaa1', '0', '46', 'db28a77c-61e0-4cf3-b063-462e443c24f6'),
    ('308fe04f-b78e-44a4-97ae-f1211f2446fb', '0', '21', '030d4489-0fb8-49a2-83bf-1ac52ee74f7a'),
    ('b5d5b632-ea8c-44ec-b03b-d181d3a0f846', '0', '169', 'bf1d61b6-aa80-4b98-ba0f-d3885d444bb9'),
    ('818b3ac3-fd8a-4c9a-8002-e9b818c0f66d', '0', '173', 'e0af597b-ea79-43a2-a009-e252d55df377'),
    ('28caad99-573a-4e68-96f4-f9690b346239', '0', '5', '082d6432-e75c-4d72-b8db-0f529f1395fa'),
    ('8dd4739b-e00b-4695-ae9e-9f67b3466e51', '0', '78', '53bf3453-cd1a-4498-9eef-176cd443d47e'),
    ('e38c6335-7933-4d56-ab1d-9ee1b86f46f4', '0', '18', 'd5c151f6-e969-4615-b586-1ee2b317d0c6'),
    ('0d345b62-0da3-49b4-ad33-a1fd2474df11', '0', '151', '120a7657-e855-4fce-9128-66b0b4698f7d'),
    ('d313c55d-2972-4280-9ed6-02339d6caf3f', '1', '94', '8ff9a8e5-8dad-4eb8-a56e-4b02c34fbcc2'),
    ('a53172bb-1005-4da8-89cf-8b2a088d45a8', '1', '98', '4cec86a6-f6a9-4dcd-8106-26348e919396'),
    ('5299fb85-e079-4f74-b1ca-4175c166b526', '1', '150', 'db28a77c-61e0-4cf3-b063-462e443c24f6'),
    ('52177bb8-e15d-4448-ba8e-92085396c470', '1', '184', '030d4489-0fb8-49a2-83bf-1ac52ee74f7a'),
    ('d42d45eb-a272-4cef-96dd-71ef61f9fe80', '1', '166', 'bf1d61b6-aa80-4b98-ba0f-d3885d444bb9'),
    ('2c0306a1-dd7a-4d7d-b423-49e7c3b89eb0', '1', '138', 'e0af597b-ea79-43a2-a009-e252d55df377'),
    ('b2dc4bb5-b9d8-4918-a3e0-09dcb64997a0', '1', '40', '082d6432-e75c-4d72-b8db-0f529f1395fa'),
    ('8c3387aa-4645-44d8-8b67-5ac34f6d348b', '1', '135', '53bf3453-cd1a-4498-9eef-176cd443d47e'),
    ('0304bb02-085b-4ff5-856e-d584ca46c664', '1', '19', 'd5c151f6-e969-4615-b586-1ee2b317d0c6'),
    ('d87a9cfb-dde8-4479-aafb-011b510443a7', '1', '139', '120a7657-e855-4fce-9128-66b0b4698f7d'),
    ('5450c950-ca70-442d-8a67-ae580c4f801c', '2', '105', '8ff9a8e5-8dad-4eb8-a56e-4b02c34fbcc2'),
    ('405584f7-a189-4979-86a8-395c5ca1d9d8', '2', '81', '4cec86a6-f6a9-4dcd-8106-26348e919396'),
    ('39065f64-d97a-434a-a3cb-253df3eeda1c', '2', '38', 'db28a77c-61e0-4cf3-b063-462e443c24f6'),
    ('15cf28eb-6842-42d2-a6ad-df53b81b70a3', '2', '176', '030d4489-0fb8-49a2-83bf-1ac52ee74f7a'),
    ('c3130b67-a2e0-485c-ab71-df748b866d4c', '2', '57', 'bf1d61b6-aa80-4b98-ba0f-d3885d444bb9'),
    ('210f9dd0-24d2-4ad5-bbb2-85a60635cdaf', '2', '4', 'e0af597b-ea79-43a2-a009-e252d55df377'),
    ('a5ebc0ea-fc69-4d2c-8c46-bcb2bbdba023', '2', '191', '082d6432-e75c-4d72-b8db-0f529f1395fa'),
    ('c9a2e59e-b536-4607-8569-adf508e4e53f', '2', '179', '53bf3453-cd1a-4498-9eef-176cd443d47e'),
    ('d8c3ab3f-d6e9-4c84-8f82-25366d0a9a70', '2', '118', 'd5c151f6-e969-4615-b586-1ee2b317d0c6'),
    ('c1f2d8e4-4853-48aa-a047-6c3e9bf50dfc', '2', '148', '120a7657-e855-4fce-9128-66b0b4698f7d'),
    ('24ac53bc-3177-4587-9983-1313ccf7c662', '3', '167', '8ff9a8e5-8dad-4eb8-a56e-4b02c34fbcc2'),
    ('f232f39d-593e-4374-bf75-9511e0e32dca', '3', '179', '4cec86a6-f6a9-4dcd-8106-26348e919396'),
    ('87de8f04-de9c-47ff-8191-5d507b3894a5', '3', '128', 'db28a77c-61e0-4cf3-b063-462e443c24f6'),
    ('1dc0222f-1ece-4934-9d38-79d6ff2f15bb', '3', '144', '030d4489-0fb8-49a2-83bf-1ac52ee74f7a'),
    ('f5dafa62-0214-4879-97cd-967c34cb8576', '3', '175', 'bf1d61b6-aa80-4b98-ba0f-d3885d444bb9'),
    ('fc3da6ba-a89b-4935-b5e4-806b850d1fca', '3', '1', 'e0af597b-ea79-43a2-a009-e252d55df377'),
    ('33a3b28a-60c5-4976-b94e-c1d40e23c073', '3', '174', '082d6432-e75c-4d72-b8db-0f529f1395fa'),
    ('71b6d198-d512-4b09-ac55-ddfa28ab8711', '3', '74', '53bf3453-cd1a-4498-9eef-176cd443d47e'),
    ('bda911b9-9e2a-4415-b5a1-61381bce6f83', '3', '84', 'd5c151f6-e969-4615-b586-1ee2b317d0c6'),
    ('889fc1c3-e875-4cc4-93c8-b9681d13155d', '3', '105', '120a7657-e855-4fce-9128-66b0b4698f7d'),
    ('4c82dba0-3b2a-49f1-b643-5bacfc5ba96d', '5', '87', '8ff9a8e5-8dad-4eb8-a56e-4b02c34fbcc2'),
    ('c7758a76-6583-43ab-8ef6-146f355671d0', '5', '176', '4cec86a6-f6a9-4dcd-8106-26348e919396'),
    ('3075c2e9-f1b7-45bf-9ecc-cf46351d3991', '5', '115', 'db28a77c-61e0-4cf3-b063-462e443c24f6'),
    ('ea152827-ad06-4027-bc5e-df768fa04fe1', '5', '147', '030d4489-0fb8-49a2-83bf-1ac52ee74f7a'),
    ('9944d08b-963c-449b-8832-d57cad40b97c', '5', '86', 'bf1d61b6-aa80-4b98-ba0f-d3885d444bb9'),
    ('4cf3f15e-7b19-4d6d-942c-4c8bd84fedaa', '5', '42', 'e0af597b-ea79-43a2-a009-e252d55df377'),
    ('bc4fcad1-ec31-4abb-a575-9f9f0f6c4aa1', '5', '186', '082d6432-e75c-4d72-b8db-0f529f1395fa'),
    ('421c16c9-7038-43ea-adfc-ff0380506c4a', '5', '23', '53bf3453-cd1a-4498-9eef-176cd443d47e'),
    ('f4e53661-42fa-41e6-b892-4f193e713546', '5', '46', 'd5c151f6-e969-4615-b586-1ee2b317d0c6'),
    ('88ec26fa-747e-4627-b167-2e0cba054786', '5', '122', '120a7657-e855-4fce-9128-66b0b4698f7d'),
    ('4160ba23-49f8-43de-8621-9e9c8a0d0e7a', '6', '168', '8ff9a8e5-8dad-4eb8-a56e-4b02c34fbcc2'),
    ('66e01b76-e355-477b-8ef9-51fbf2f41134', '6', '127', '4cec86a6-f6a9-4dcd-8106-26348e919396'),
    ('7aae8896-247d-4373-b7a0-79a0eb736399', '6', '121', 'db28a77c-61e0-4cf3-b063-462e443c24f6'),
    ('d9d683df-3143-4e41-aeae-2af986bb4c0e', '6', '194', '030d4489-0fb8-49a2-83bf-1ac52ee74f7a'),
    ('35de9343-9862-4ee1-b6ea-b465dcf8d954', '6', '198', 'bf1d61b6-aa80-4b98-ba0f-d3885d444bb9'),
    ('7f7e6032-b4d4-4074-9ce1-37fb23288a97', '6', '96', 'e0af597b-ea79-43a2-a009-e252d55df377'),
    ('181421ce-99c6-4125-89c3-9b04e7f86e7f', '6', '145', '082d6432-e75c-4d72-b8db-0f529f1395fa'),
    ('a23deb16-3bc6-433f-8000-5eff31e7a3a6', '6', '35', '53bf3453-cd1a-4498-9eef-176cd443d47e'),
    ('3111c55e-4e07-4b8e-b208-bcb16f7b6647', '6', '150', 'd5c151f6-e969-4615-b586-1ee2b317d0c6'),
    ('196960d7-a586-4759-9c52-87138075fec1', '6', '100', '120a7657-e855-4fce-9128-66b0b4698f7d');

    INSERT INTO "appointment" ("id", "is_premade", "end_time", "start_time", "blood_center_id") VALUES
    ('d29d8157-bc1c-4723-84cc-1743a224099b', 'true', '2023-02-02 06:20:00', '2023-02-02 06:00:00', '8ff9a8e5-8dad-4eb8-a56e-4b02c34fbcc2'),
    ('002c3ba4-3c55-421d-9222-b473dd4af087', 'true', '2023-02-02 06:40:00', '2023-02-02 06:30:00', '8ff9a8e5-8dad-4eb8-a56e-4b02c34fbcc2'),
    ('bd7c763a-a78d-499c-bee0-90ac1ef1f007', 'true', '2023-02-02 08:00:00', '2023-02-02 07:00:00', '8ff9a8e5-8dad-4eb8-a56e-4b02c34fbcc2'),
    ('59dac971-6361-4aec-9875-4af3dc60af0d', 'true', '2023-02-02 08:40:00', '2023-02-02 08:00:00', '8ff9a8e5-8dad-4eb8-a56e-4b02c34fbcc2'),
    ('a3b1c8af-ce66-4c83-ae50-1455b55e8f56', 'true', '2023-02-02 09:20:00', '2023-02-02 09:00:00', '8ff9a8e5-8dad-4eb8-a56e-4b02c34fbcc2'),
    ('5419d77b-3f57-4292-a005-5cb0d854a1a3', 'true', '2023-02-02 12:30:00', '2023-02-02 12:00:00', '8ff9a8e5-8dad-4eb8-a56e-4b02c34fbcc2'),
    ('a585027d-6db6-4684-be21-91a53a4bdf71', 'true', '2023-02-02 14:00:00', '2023-02-02 13:00:00', '8ff9a8e5-8dad-4eb8-a56e-4b02c34fbcc2'),
    ('41ce6b19-6413-4e13-bb03-d44b6de0f2c3', 'true', '2023-02-02 17:00:00', '2023-02-02 16:00:00', '8ff9a8e5-8dad-4eb8-a56e-4b02c34fbcc2'),
    ('d9c1a75c-1057-443e-81da-64b461095388', 'true', '2023-02-02 17:20:00', '2023-02-02 17:00:00', '8ff9a8e5-8dad-4eb8-a56e-4b02c34fbcc2'),
    ('f27097dd-8cb1-460d-8881-2ca24c9eb9e8', 'true', '2023-02-02 19:10:00', '2023-02-02 19:00:00', '8ff9a8e5-8dad-4eb8-a56e-4b02c34fbcc2'),

    ('60b35b11-ae4e-46be-a096-43efc043b93c', 'true', '2023-02-02 17:40:00', '2023-02-02 17:30:00', '8ff9a8e5-8dad-4eb8-a56e-4b02c34fbcc2'),
    ('06c2aa70-bc92-4644-a590-a6dce9106dd1', 'true', '2023-02-02 17:50:00', '2023-02-02 17:40:00', '8ff9a8e5-8dad-4eb8-a56e-4b02c34fbcc2'),
    ('6dabb45e-927f-41b9-8ee4-2bfac4b85775', 'true', '2023-02-02 18:20:00', '2023-02-02 18:00:00', '8ff9a8e5-8dad-4eb8-a56e-4b02c34fbcc2'),
    ('b15ce8b4-656e-4e29-8e28-f22739f58749', 'true', '2023-02-03 08:20:00', '2023-02-03 08:00:00', '8ff9a8e5-8dad-4eb8-a56e-4b02c34fbcc2'),
    ('cc374489-ec49-4117-9d82-fde1fdf00ec3', 'true', '2023-02-03 09:20:00', '2023-02-03 09:00:00', '8ff9a8e5-8dad-4eb8-a56e-4b02c34fbcc2'),
    ('1c9765d5-e168-42d0-bb09-ff53cf599342', 'true', '2023-02-03 10:30:00', '2023-02-03 10:00:00', '8ff9a8e5-8dad-4eb8-a56e-4b02c34fbcc2'),
    ('0b53356b-f00e-41d8-bb36-88aaa9ed5e52', 'true', '2023-02-03 11:30:00', '2023-02-03 11:00:00', '8ff9a8e5-8dad-4eb8-a56e-4b02c34fbcc2'),
    ('1e73a4b5-37ad-4ea4-9297-4987d00b0933', 'true', '2023-02-03 12:30:00', '2023-02-03 12:00:00', '8ff9a8e5-8dad-4eb8-a56e-4b02c34fbcc2'),
    ('dd2bdc29-9cd1-46eb-8dce-efb8ae7d6e57', 'true', '2023-02-03 13:30:00', '2023-02-03 13:00:00', '8ff9a8e5-8dad-4eb8-a56e-4b02c34fbcc2'),
    ('812db0cc-f899-405e-bb0c-66a1d1658616', 'true', '2023-02-03 17:15:00', '2023-02-03 17:00:00', '8ff9a8e5-8dad-4eb8-a56e-4b02c34fbcc2');

    INSERT INTO "appointment_scheduling_history" ("id", "qrcode", "issuing_date", "status", "appointment_id", "blood_donor_id") VALUES
    ('1f570622-26ac-41b7-9067-7b9613cba956', 'QR', '2023-01-26 00:00:00', '0', 'd29d8157-bc1c-4723-84cc-1743a224099b', 'e23e75a8-6815-4931-92e0-6611c8ee3d21'),
    ('284be7da-c8b0-4307-9442-f716d66d24e2', 'QR', '2023-01-26 00:00:00', '0', '002c3ba4-3c55-421d-9222-b473dd4af087', '00b898e5-36a8-4b2e-a3b9-e6bc86c24c8f'),
    ('751e0bc6-04c7-4bde-aa81-16866df73f87', 'QR', '2023-01-26 00:00:00', '0', 'bd7c763a-a78d-499c-bee0-90ac1ef1f007', 'cb811d9f-5044-4024-8b5e-ee107f2c80cc'),
    ('aa200ea8-446f-4855-a8d9-b24763ff7e46', 'QR', '2023-01-26 00:00:00', '0', '59dac971-6361-4aec-9875-4af3dc60af0d', '556eaca5-d396-49ce-a81e-1ce96bd7869e'),
    ('6298a201-9501-43cb-8392-b7e87ccfba06', 'QR', '2023-01-26 00:00:00', '0', 'a3b1c8af-ce66-4c83-ae50-1455b55e8f56', '7c29825b-adcb-417b-b778-a2f53723ea9b'),
    ('ae55babf-258e-4b1f-b810-6c2aee518dbd', 'QR', '2023-01-26 00:00:00', '0', '5419d77b-3f57-4292-a005-5cb0d854a1a3', 'c7704efb-50e5-4c28-98cb-9ea78cb989f7'),
    ('7f47edde-a977-4e59-a0ab-46d48eee2382', 'QR', '2023-01-26 00:00:00', '0', 'a585027d-6db6-4684-be21-91a53a4bdf71', '6621bf6f-8209-482e-bc4f-10f096d7c9e7'),
    ('b7eaf211-6370-4b7f-a368-a4977ea12da6', 'QR', '2023-01-26 00:00:00', '0', '41ce6b19-6413-4e13-bb03-d44b6de0f2c3', 'd0bd8f7c-b51f-46b1-a7d7-bfc984d9fa31'),
    ('3b895595-43da-40ff-a363-61bb5cc0001c', 'QR', '2023-01-26 00:00:00', '0', 'd9c1a75c-1057-443e-81da-64b461095388', '8f093254-376e-407a-9cb7-85c28ec31962'),
    ('e8fb0b1d-cdfc-4da7-8379-02ada2f8bee1', 'QR', '2023-01-26 00:00:00', '0', 'f27097dd-8cb1-460d-8881-2ca24c9eb9e8', 'fdc478ca-0d28-46fb-925b-69b495c5fd6f');

    INSERT INTO "appointment_staff" ("appointment_id", "staff_id") VALUES
    ('d29d8157-bc1c-4723-84cc-1743a224099b', 'e6bfe80e-9403-4533-9a46-5b5e88a75e16'),
    ('002c3ba4-3c55-421d-9222-b473dd4af087', 'e6bfe80e-9403-4533-9a46-5b5e88a75e16'),
    ('bd7c763a-a78d-499c-bee0-90ac1ef1f007', 'e6bfe80e-9403-4533-9a46-5b5e88a75e16'),
    ('59dac971-6361-4aec-9875-4af3dc60af0d', 'e6bfe80e-9403-4533-9a46-5b5e88a75e16'),
    ('a3b1c8af-ce66-4c83-ae50-1455b55e8f56', 'e6bfe80e-9403-4533-9a46-5b5e88a75e16'),
    ('5419d77b-3f57-4292-a005-5cb0d854a1a3', 'e6bfe80e-9403-4533-9a46-5b5e88a75e16'),
    ('a585027d-6db6-4684-be21-91a53a4bdf71', 'e6bfe80e-9403-4533-9a46-5b5e88a75e16'),
    ('41ce6b19-6413-4e13-bb03-d44b6de0f2c3', 'e6bfe80e-9403-4533-9a46-5b5e88a75e16'),
    ('d9c1a75c-1057-443e-81da-64b461095388', 'e6bfe80e-9403-4533-9a46-5b5e88a75e16'),
    ('f27097dd-8cb1-460d-8881-2ca24c9eb9e8', 'e6bfe80e-9403-4533-9a46-5b5e88a75e16'),
    ('60b35b11-ae4e-46be-a096-43efc043b93c', 'e6bfe80e-9403-4533-9a46-5b5e88a75e16'),
    ('06c2aa70-bc92-4644-a590-a6dce9106dd1', 'e6bfe80e-9403-4533-9a46-5b5e88a75e16'),
    ('6dabb45e-927f-41b9-8ee4-2bfac4b85775', 'e6bfe80e-9403-4533-9a46-5b5e88a75e16'),
    ('b15ce8b4-656e-4e29-8e28-f22739f58749', 'e6bfe80e-9403-4533-9a46-5b5e88a75e16'),
    ('cc374489-ec49-4117-9d82-fde1fdf00ec3', 'e6bfe80e-9403-4533-9a46-5b5e88a75e16'),
    ('1c9765d5-e168-42d0-bb09-ff53cf599342', 'e6bfe80e-9403-4533-9a46-5b5e88a75e16'),
    ('0b53356b-f00e-41d8-bb36-88aaa9ed5e52', 'e6bfe80e-9403-4533-9a46-5b5e88a75e16'),
    ('1e73a4b5-37ad-4ea4-9297-4987d00b0933', 'e6bfe80e-9403-4533-9a46-5b5e88a75e16'),
    ('dd2bdc29-9cd1-46eb-8dce-efb8ae7d6e57', 'e6bfe80e-9403-4533-9a46-5b5e88a75e16'),
    ('812db0cc-f899-405e-bb0c-66a1d1658616', 'e6bfe80e-9403-4533-9a46-5b5e88a75e16');


    INSERT INTO "coupon" ("id", "description", "discount")
    VALUES ('d43bc35e-bc4b-4566-b076-320f5c669c52', 'Livepath', '52'),
    ('ee9ad85a-a270-484d-8f46-54334b56cd68', 'Thoughtblab', '68'),
    ('ba777665-42c9-4a59-a6e9-f695ce1cba7a', 'Browsebug', '10'),
    ('9888438d-3f98-426f-a153-0f369f2b5cf8', 'Skibox', '13'),
    ('fa6bab80-8e2a-437e-98cc-a0190ec3f653', 'Skilith', '12'),
    ('9a1c03ff-af50-42f2-b302-2bb8bf396ca7', 'Fanoodle', '30'),
    ('7fd27d29-2c9a-4026-9c79-4d3f8c795853', 'Pixope', '30'),
    ('0a3a1559-feda-4032-a8df-77a4e507711c', 'Livefish', '29'),
    ('78c30545-bc32-4156-929a-e18619739961', 'Voolia', '31'),
    ('aeca40e3-030a-4f04-9385-ce6df9f400fd', 'Jaloo', '36'),
    ('2cf0b333-d4bd-405d-9354-53bddbd006b5', 'Browsezoom', '23'),
    ('5acc00bf-dd11-48d4-a10d-5197fee6d489', 'Jabberstorm', '66'),
    ('9dd5ff96-fff2-4f3c-9063-4c0e61293423', 'Divavu', '53'),
    ('33b0443f-6e70-4462-b0f2-2d7cd751b119', 'Meedoo', '55'),
    ('86f0fe75-6e7c-45e4-a6c8-0d0fc50936fd', 'Divavu', '66'),
    ('c87a9520-a413-482a-8f2c-889ac919c046', 'Yombu', '61'),
    ('d57c25ce-aa52-46f1-afc2-933bdf2a525b', 'Tagtune', '44'),
    ('0af16889-d20a-4afd-88c5-e02e8482ba4a', 'Rhynyx', '46'),
    ('0211da39-481f-4a64-a317-4d1a8a6cd00c', 'Leenti', '21'),
    ('9a75c6c5-a9ae-456f-bbdf-b1cb24fc4a94', 'Dynazzy', '65');

    INSERT INTO "loyalty_type" ("id", "category_name", "points_req")
    VALUES ('d546d803-e4fe-4ba6-b8e0-6e482ad48e58', 'No Loyalty', '0'),
    ('31144a9f-b305-4e1e-90cc-299fbd33ca5d', 'Bronze', '100'),
    ('3c113733-4fa9-475c-8e0d-fb58bff8041e', 'Silver', '200'),
    ('09779dc7-8c6c-47bb-b68d-aa67c63af8f8', 'Gold', '300');

    INSERT INTO "loyalty_coupons" ("loyalty_id", "coupon_id")
    VALUES ('d546d803-e4fe-4ba6-b8e0-6e482ad48e58', 'd43bc35e-bc4b-4566-b076-320f5c669c52'),
    ('31144a9f-b305-4e1e-90cc-299fbd33ca5d', 'ee9ad85a-a270-484d-8f46-54334b56cd68'),
    ('3c113733-4fa9-475c-8e0d-fb58bff8041e', 'ba777665-42c9-4a59-a6e9-f695ce1cba7a'),
    ('09779dc7-8c6c-47bb-b68d-aa67c63af8f8', '9888438d-3f98-426f-a153-0f369f2b5cf8'),
    ('d546d803-e4fe-4ba6-b8e0-6e482ad48e58', 'fa6bab80-8e2a-437e-98cc-a0190ec3f653'),
    ('31144a9f-b305-4e1e-90cc-299fbd33ca5d', '9a1c03ff-af50-42f2-b302-2bb8bf396ca7'),
    ('3c113733-4fa9-475c-8e0d-fb58bff8041e', '7fd27d29-2c9a-4026-9c79-4d3f8c795853'),
    ('09779dc7-8c6c-47bb-b68d-aa67c63af8f8', '0a3a1559-feda-4032-a8df-77a4e507711c'),
    ('d546d803-e4fe-4ba6-b8e0-6e482ad48e58', '78c30545-bc32-4156-929a-e18619739961'),
    ('31144a9f-b305-4e1e-90cc-299fbd33ca5d', 'aeca40e3-030a-4f04-9385-ce6df9f400fd'),
    ('3c113733-4fa9-475c-8e0d-fb58bff8041e', '2cf0b333-d4bd-405d-9354-53bddbd006b5'),
    ('09779dc7-8c6c-47bb-b68d-aa67c63af8f8', '5acc00bf-dd11-48d4-a10d-5197fee6d489'),
    ('d546d803-e4fe-4ba6-b8e0-6e482ad48e58', '9dd5ff96-fff2-4f3c-9063-4c0e61293423'),
    ('31144a9f-b305-4e1e-90cc-299fbd33ca5d', '33b0443f-6e70-4462-b0f2-2d7cd751b119'),
    ('3c113733-4fa9-475c-8e0d-fb58bff8041e', '86f0fe75-6e7c-45e4-a6c8-0d0fc50936fd'),
    ('09779dc7-8c6c-47bb-b68d-aa67c63af8f8', 'c87a9520-a413-482a-8f2c-889ac919c046'),
    ('d546d803-e4fe-4ba6-b8e0-6e482ad48e58', 'd57c25ce-aa52-46f1-afc2-933bdf2a525b'),
    ('31144a9f-b305-4e1e-90cc-299fbd33ca5d', '0af16889-d20a-4afd-88c5-e02e8482ba4a'),
    ('3c113733-4fa9-475c-8e0d-fb58bff8041e', '0211da39-481f-4a64-a317-4d1a8a6cd00c'),
    ('09779dc7-8c6c-47bb-b68d-aa67c63af8f8', '9a75c6c5-a9ae-456f-bbdf-b1cb24fc4a94');
