INSERT INTO "address" ("id", "city", "country", "latitude", "longitude", "number", "street")
VALUES ('3eb50b45-9d6c-4f42-992d-4a2bb3c2e0b2', 'Olofström', 'Sweden', '56.2462038', '14.6265298', '250', 'Harbort'),
       ('59575fe2-19b1-474a-a63a-db4b02ab0b0c', 'Šventoji', 'Lithuania', '55.2474741', '24.7743055', '980', 'Melby'),
       ('b9fd203d-9620-4dd1-9f43-e874e3593edc', 'Idritsa', 'Russia', '56.3360497', '28.8883279', '266', 'East'),
       ('5c8cb3b3-4c48-4614-8db2-620f21872785', 'Évreux', 'France', '49.0261841', '1.1518478', '3', 'Meadow Valley'),
       ('288936ca-16f3-4908-b37c-6fc7b8736bde', 'Zeleneč', 'Czech Republic', '50.1336212', '14.6607051', '99',
        'Moland'),
       ('5c3b169a-c50c-4b90-939d-ee3fca1459ea', 'Warungtanjung', 'Indonesia', '3.5053306', '98.6783333', '94652',
        'Sunfield'),
       ('f131fbc0-343e-4b61-9542-a384e4882ba5', 'Smyga', 'Ukraine', '50.2414199', '25.7622611', '4', 'Roxbury'),
       ('5c6ae6d9-966d-40b5-9ba2-8f0198df0e89', 'Sarankhola', 'Bangladesh', '22.0952234', '89.8130356', '391',
        'Sheridan'),
       ('59b007ac-5940-49dd-a19c-a81f1d67c9d3', 'Tevriz', 'Russia', '57.512722', '72.40078', '7', 'Westport'),
       ('b1b2dbfc-4b92-4cb6-931f-7c136e86f80b', 'Dubai', 'United Arab Emirates', '25.2048493', '55.2707828', '7',
        'Ronald Regan'),
       ('e4b6ce9d-5094-4a64-a958-3b919770d870', 'Gharyan', 'Libya', '32.1717952', '13.0184123', '4415', 'Vermont'),
       ('a0cd0598-30f7-430d-8cc5-ef309d31ffb7', 'Kroya', 'Indonesia', '-7.6331351', '109.2474701', '420', 'Oriole'),
       ('59902151-934b-49ce-bd22-a698234a01dd', 'Chicoana', 'Argentina', '-25.1042007', '-65.5381671', '08', 'Corscot'),
       ('bc130695-fcef-47ad-8d97-0e032be574c9', 'Kirzhach', 'Russia', '56.0488224', '39.0652818', '75018', 'Everett'),
       ('c9f0b999-abfa-4ac1-8809-aad34e2cd0c6', 'Bairro', 'Portugal', '41.2828507', '-8.2869478', '648', 'Bonner'),
       ('dc0bbae7-4fa1-47ca-a092-dde2f9efe046', 'Belfast', 'Canada', '46.08341', '-62.88197', '1414', 'Charing Cross'),
       ('553414e2-857e-49b0-85c8-e08f9edc9ae3', 'Ar Rubū‘', 'Yemen', '13.78024', '43.86901', '30', 'Riverside'),
       ('c89aee55-f73f-4bb1-accf-73bad65c36ff', 'Corujeira', 'Portugal', '40.3829273', '-8.7241528', '4', 'Dwight'),
       ('1870b7fd-be6b-43b9-ac6d-d4ca0b9ac416', 'Carcassonne', 'France', '44.346784', '5.8855505', '2775', 'Fallview'),
       ('e307e5e7-f8f6-41d4-a61c-befad5b75ffc', 'Kraskino', 'Russia', '42.7109791', '130.7842448', '48', 'Helena'),
       ('1744ff0b-90dd-4649-9439-da2bd62918ad', 'Liren', 'China', '34.2456501', '108.9877602', '829', 'Canary'),
       ('2d128330-e662-4fda-b55f-7fb5593b8f4f', 'Al Buq‘ah', 'Palestinian Territory', '31.5344951', '35.1245284', '52',
        'Sugar'),
       ('551082eb-b45a-4b6b-8ccd-2cae2b8cb20c', 'Uji', 'Japan', '35.3434929', '132.9039749', '643', 'Northland'),
       ('aa826b84-29aa-4167-a7ee-97e02587aea1', 'Xingtai', 'China', '37.070834', '114.504677', '4082', 'Forest Dale'),
       ('e8475b09-a100-42fa-8a17-7a040924c500', 'Banjar Baleagung', 'Indonesia', '-8.3797336', '115.1681911', '1732',
        'Judy'),
       ('d795331e-5d59-4221-a318-9a4045251c0f', 'Keren', 'Eritrea', '15.7800173', '38.4534461', '7535', 'Judy'),
       ('46876b56-3b9b-41de-8dc9-0925d44089c5', 'Aveleda', 'Portugal', '41.1150364', '-8.2958281', '88', 'Sutteridge'),
       ('f896b9e4-b639-43cc-882f-9d735597ef08', 'Odivelas', 'Portugal', '38.1678374', '-8.1496483', '540', 'Havey'),
       ('640e93ad-460b-40aa-84be-5673a091e2b5', 'Monte Aprazível', 'Brazil', '-20.7736517', '-49.7107263', '62',
        'Mayfield'),
       ('e1fcc078-445b-4243-af17-2e25f86ab352', 'Peteranec', 'Croatia', '46.1743441', '16.9184542', '30712', 'Stuart'),
       ('b58dcc40-13f0-46ed-894c-23a66d6faefd', 'Nanterre', 'France', '48.8967143', '2.1955586', '73384', 'Kropf'),
       ('bac13983-1229-4308-8ffd-22e8c52235f8', 'Haguimit', 'Philippines', '7.0649018', '125.7230302', '2086', 'Esch'),
       ('1d0da8df-c565-49ea-aee5-e788789e3b70', 'Yonezawa', 'Japan', '37.2516991', '139.007103', '7', 'Victoria'),
       ('8021c0fb-99a5-42f0-9d81-baa41265540e', 'Lisewo Malborskie', 'Poland', '54.0962372', '18.82934', '36',
        'Hanson'),
       ('adb7aab0-c6ff-49e4-a151-da471ef18f09', 'Longcang', 'China', '29.339476', '105.287612', '6', 'Continental'),
       ('0532cd76-52c8-4ac9-8306-d063f8f5e1d5', 'Matriz de Camaragibe', 'Brazil', '-9.0972502', '-35.5876697', '7890',
        'La Follette'),
       ('4d7006f5-d219-4871-ab66-e66d54eab457', 'Bungur', 'Indonesia', '-6.1718076', '106.8488128', '21775', 'Banding'),
       ('ea32e111-54e5-4e19-82a9-3098e7d1612b', 'Huangqiang', 'China', '22.2304314', '113.5411611', '4', 'Kropf'),
       ('1e1dd683-41ff-469f-b8a7-a413d64e694b', 'Saint Ann’s Bay', 'Jamaica', '18.4329473', '-77.1973997', '7',
        'Hintze'),
       ('24152c65-435d-4340-939a-42ba9947912b', 'Komprachcice', 'Poland', '50.6375507', '17.8149641', '35', 'Carioca');

INSERT INTO "questionnaire" ("id", "feels_bad", "high_or_low_presure", "onmc", "on_therapy",
                             "pricing_or_surgical_interventions_or_blood_transfusion", "recent_dentist", "skin_changes",
                             "under50kg")
VALUES ('f7df0917-1fde-480c-a562-520cee9f2a1a', 'true', 'true', 'false', 'true', 'false', 'true', 'true', 'true'),
       ('87265c25-06aa-414d-855b-33d9ecae7931', 'false', 'true', 'false', 'false', 'false', 'false', 'false', 'false'),
       ('0b0eb78a-4bbe-4be7-b48d-6e0e4492ece9', 'true', 'false', 'true', 'false', 'true', 'true', 'true', 'true'),
       ('5a61febe-5015-4646-91b4-5e1f8883e623', 'false', 'true', 'true', 'true', 'false', 'false', 'true', 'true'),
       ('1306fb68-ed85-4ebf-8def-67f2a3621613', 'true', 'true', 'false', 'true', 'true', 'false', 'true', 'false'),
       ('959e5562-d675-4c70-8d91-f5a8f52bce57', 'false', 'false', 'true', 'true', 'true', 'false', 'true', 'true'),
       ('06190597-0225-40f5-b2ab-a84e2619cd19', 'false', 'false', 'true', 'true', 'false', 'true', 'false', 'false'),
       ('d5f0c5c5-2880-41af-82df-3a4d64e215f1', 'false', 'true', 'true', 'true', 'false', 'false', 'false', 'true'),
       ('e6c6744e-c18f-431e-888d-3c9dee20018a', 'true', 'false', 'false', 'false', 'true', 'true', 'true', 'false'),
       ('0fda1b09-9f16-4a59-9fb0-98002a6cf85b', 'true', 'true', 'false', 'true', 'true', 'false', 'false', 'false'),
       ('e3fa8770-1dd0-46e1-9877-53736130e484', 'true', 'false', 'true', 'false', 'true', 'false', 'false', 'true'),
       ('9236b5e3-3d56-4e23-8a75-f4000b7de7f2', 'false', 'true', 'true', 'false', 'false', 'true', 'true', 'false'),
       ('12e3e9bb-346e-427a-981e-4a7623ab2883', 'false', 'false', 'true', 'false', 'true', 'false', 'true', 'false'),
       ('5d84c408-1011-48c9-9b9a-afa0806068b8', 'false', 'false', 'true', 'false', 'true', 'true', 'true', 'true'),
       ('7f118e21-ffa5-400e-81fd-b5be05d72da3', 'false', 'true', 'true', 'false', 'false', 'false', 'true', 'true'),
       ('2684ba22-40dc-4fbf-a424-5a5ff84d1e15', 'false', 'true', 'true', 'false', 'false', 'true', 'false', 'true'),
       ('1c4770af-5364-4797-ab27-598520e1a3a8', 'false', 'false', 'false', 'false', 'true', 'true', 'false', 'true'),
       ('78bfdd27-e88f-423d-8720-31e1d748497e', 'false', 'true', 'false', 'true', 'false', 'false', 'false', 'false'),
       ('6084b63d-9d6a-4822-8f54-9687181c08c6', 'false', 'true', 'false', 'false', 'true', 'true', 'false', 'false'),
       ('49a98175-e46f-458f-aa1e-cef7baccc8b5', 'false', 'false', 'false', 'true', 'false', 'true', 'false', 'true');
INSERT INTO "coupon" ("id", "description", "discount")
VALUES ('d43bc35e-bc4b-4566-b076-320f5c669c52', 'Livepath', '52'),
       ('ee9ad85a-a270-484d-8f46-54334b56cd68', 'Thoughtblab', '68'),
       ('ba777665-42c9-4a59-a6e9-f695ce1cba7a', 'Browsebug', '10'),
       ('9888438d-3f98-426f-a153-0f369f2b5cf8', 'Skibox', '13'),
       ('fa6bab80-8e2a-437e-98cc-a0190ec3f653', 'Skilith', '12'),
       ('9a1c03ff-af50-42f2-b302-2bb8bf396ca7', 'Fanoodle', '30'),
       ('7fd27d29-2c9a-4026-9c79-4d3f8c795853', 'Pixope', '30'),
       ('0a3a1559-feda-4032-a8df-77a4e507711c', 'Livefish', '29'),
       ('78c30545-bc32-4156-929a-e18619739961', 'Voolia', '31'),
       ('aeca40e3-030a-4f04-9385-ce6df9f400fd', 'Jaloo', '36'),
       ('2cf0b333-d4bd-405d-9354-53bddbd006b5', 'Browsezoom', '23'),
       ('5acc00bf-dd11-48d4-a10d-5197fee6d489', 'Jabberstorm', '66'),
       ('9dd5ff96-fff2-4f3c-9063-4c0e61293423', 'Divavu', '53'),
       ('33b0443f-6e70-4462-b0f2-2d7cd751b119', 'Meedoo', '55'),
       ('86f0fe75-6e7c-45e4-a6c8-0d0fc50936fd', 'Divavu', '66'),
       ('c87a9520-a413-482a-8f2c-889ac919c046', 'Yombu', '61'),
       ('d57c25ce-aa52-46f1-afc2-933bdf2a525b', 'Tagtune', '44'),
       ('0af16889-d20a-4afd-88c5-e02e8482ba4a', 'Rhynyx', '46'),
       ('0211da39-481f-4a64-a317-4d1a8a6cd00c', 'Leenti', '21'),
       ('9a75c6c5-a9ae-456f-bbdf-b1cb24fc4a94', 'Dynazzy', '65');

INSERT INTO "loyalty_type" ("id", "category_name", "points_req")
VALUES ('d546d803-e4fe-4ba6-b8e0-6e482ad48e58', 'No Loyalty', '0'),
       ('31144a9f-b305-4e1e-90cc-299fbd33ca5d', 'Bronze', '100'),
       ('3c113733-4fa9-475c-8e0d-fb58bff8041e', 'Silver', '200'),
       ('09779dc7-8c6c-47bb-b68d-aa67c63af8f8', 'Gold', '300');

INSERT INTO "loyalty_coupons" ("loyalty_id", "coupon_id")
VALUES ('d546d803-e4fe-4ba6-b8e0-6e482ad48e58', 'd43bc35e-bc4b-4566-b076-320f5c669c52'),
       ('31144a9f-b305-4e1e-90cc-299fbd33ca5d', 'ee9ad85a-a270-484d-8f46-54334b56cd68'),
       ('3c113733-4fa9-475c-8e0d-fb58bff8041e', 'ba777665-42c9-4a59-a6e9-f695ce1cba7a'),
       ('09779dc7-8c6c-47bb-b68d-aa67c63af8f8', '9888438d-3f98-426f-a153-0f369f2b5cf8'),
       ('d546d803-e4fe-4ba6-b8e0-6e482ad48e58', 'fa6bab80-8e2a-437e-98cc-a0190ec3f653'),
       ('31144a9f-b305-4e1e-90cc-299fbd33ca5d', '9a1c03ff-af50-42f2-b302-2bb8bf396ca7'),
       ('3c113733-4fa9-475c-8e0d-fb58bff8041e', '7fd27d29-2c9a-4026-9c79-4d3f8c795853'),
       ('09779dc7-8c6c-47bb-b68d-aa67c63af8f8', '0a3a1559-feda-4032-a8df-77a4e507711c'),
       ('d546d803-e4fe-4ba6-b8e0-6e482ad48e58', '78c30545-bc32-4156-929a-e18619739961'),
       ('31144a9f-b305-4e1e-90cc-299fbd33ca5d', 'aeca40e3-030a-4f04-9385-ce6df9f400fd'),
       ('3c113733-4fa9-475c-8e0d-fb58bff8041e', '2cf0b333-d4bd-405d-9354-53bddbd006b5'),
       ('09779dc7-8c6c-47bb-b68d-aa67c63af8f8', '5acc00bf-dd11-48d4-a10d-5197fee6d489'),
       ('d546d803-e4fe-4ba6-b8e0-6e482ad48e58', '9dd5ff96-fff2-4f3c-9063-4c0e61293423'),
       ('31144a9f-b305-4e1e-90cc-299fbd33ca5d', '33b0443f-6e70-4462-b0f2-2d7cd751b119'),
       ('3c113733-4fa9-475c-8e0d-fb58bff8041e', '86f0fe75-6e7c-45e4-a6c8-0d0fc50936fd'),
       ('09779dc7-8c6c-47bb-b68d-aa67c63af8f8', 'c87a9520-a413-482a-8f2c-889ac919c046'),
       ('d546d803-e4fe-4ba6-b8e0-6e482ad48e58', 'd57c25ce-aa52-46f1-afc2-933bdf2a525b'),
       ('31144a9f-b305-4e1e-90cc-299fbd33ca5d', '0af16889-d20a-4afd-88c5-e02e8482ba4a'),
       ('3c113733-4fa9-475c-8e0d-fb58bff8041e', '0211da39-481f-4a64-a317-4d1a8a6cd00c'),
       ('09779dc7-8c6c-47bb-b68d-aa67c63af8f8', '9a75c6c5-a9ae-456f-bbdf-b1cb24fc4a94');

INSERT INTO "blood_center" ("id", "description", "name", "rating", "end_hours", "end_minutes", "start_hours",
                            "start_minutes", "address_id")
VALUES ('417c9b36-251a-4483-bfbf-abd3df786d96', 'LUMENE OY', 'Will-Wiza', '3', '17', '0', '8', '0',
        '8021c0fb-99a5-42f0-9d81-baa41265540e'),
       ('aa116b1b-c59c-403b-b64f-db201d9375d2', '"Lannett Company, Inc."', '"Grimes, Kautzer and Lebsack"', '2', '17',
        '0', '8', '0', '553414e2-857e-49b0-85c8-e08f9edc9ae3'),
       ('206b28a3-4953-4cce-a077-c7d9fcdd599c', 'Mondel?z Global LLC', '"Tillman, Robel and DuBuque"', '4', '15', '30',
        '7', '30', '5c3b169a-c50c-4b90-939d-ee3fca1459ea'),
       ('29e5ab72-265a-483b-84fc-6a7abbf5a6ab', 'Accord Healthcare Inc.', 'Vandervort-Gleason', '2', '15', '30', '9',
        '0', '640e93ad-460b-40aa-84be-5673a091e2b5'),
       ('f7aaaba3-db07-46e8-8976-8e7c6b83ee4d', 'Uriel Pharmacy Inc.', 'Marvin-Stehr', '4', '14', '0', '9', '30',
        'dc0bbae7-4fa1-47ca-a092-dde2f9efe046'),
       ('c5380ac1-b5cb-4c3e-a5f7-5b1cd25c91f2', 'Pharmacia and Upjohn Company', 'Effertz and Sons', '3', '18', '0', '7',
        '0', 'e4b6ce9d-5094-4a64-a958-3b919770d870'),
       ('bd701425-588c-4d16-ab96-e71be2979a75', '"Preferred Pharmaceuticals, Inc."',
        '"Baumbach, Hartmann and Predovic"', '5', '19', '0', '7', '0', '0532cd76-52c8-4ac9-8306-d063f8f5e1d5'),
       ('e8b6ca12-6a54-4d61-9cda-5a314094968e', 'A-S Medication Solutions LLC', 'Torphy-Fritsch', '4', '18', '30', '8',
        '0', 'e4b6ce9d-5094-4a64-a958-3b919770d870'),
       ('00b4e355-20be-48a6-a192-cfab2f48f012', 'TYA Pharmaceuticals', '"Mosciski, Haley and Denesik"', '5', '16', '0',
        '10', '0', 'c89aee55-f73f-4bb1-accf-73bad65c36ff'),
       ('00f5108f-5ac3-48ed-8b5e-be609d3b4137', 'Rimmel Inc.', '"Runte, Bradtke and Bruen"', '1', '15', '30', '10',
        '30', 'f131fbc0-343e-4b61-9542-a384e4882ba5'),
       ('e642b333-182b-405d-a5b6-038fb518a3db', 'Teva Pharmaceuticals USA Inc', 'Labadie LLC', '4', '18', '0', '10',
        '0', 'bac13983-1229-4308-8ffd-22e8c52235f8'),
       ('63bd71a5-dfdd-4db3-ac00-0b61e6183735', 'Purminerals', 'Hilll-Upton', '1', '15', '30', '8', '30',
        'dc0bbae7-4fa1-47ca-a092-dde2f9efe046'),
       ('2c8956aa-b596-45a1-9713-388c254119fd', '"Dispensing Solutions, Inc."', '"Berge, Cassin and Feil"', '4', '19',
        '0', '9', '0', '1744ff0b-90dd-4649-9439-da2bd62918ad'),
       ('725e573d-e9bd-4658-9da1-d54b72a1d333', 'Kaiser Foundations Hospitals', '"Zulauf, Nolan and Luettgen"', '3',
        '17', '0', '9', '0', '1e1dd683-41ff-469f-b8a7-a413d64e694b'),
       ('65587605-ef93-4beb-a46a-ba141a21ffd7', '"General Injectables & Vaccines, Inc"', '"Gottlieb, Kozey and Metz"',
        '1', '16', '0', '10', '30', '288936ca-16f3-4908-b37c-6fc7b8736bde'),
       ('564661ad-20f3-4aba-841b-34d7ac33217f', '"Aphena Pharma Solutions - Tennessee, LLC"',
        '"Doyle, Padberg and Kon"', '3', '19', '30', '10', '0', '551082eb-b45a-4b6b-8ccd-2cae2b8cb20c'),
       ('d08dd731-d59f-43c8-b2ff-785245f6048b', 'Kroger Company', '"Cummings, Kutch and Huel"', '2', '18', '0', '7',
        '0', 'b1b2dbfc-4b92-4cb6-931f-7c136e86f80b'),
       ('1dc2e158-9faa-4940-9373-879fbe8ceada', 'Teva Pharmaceuticals USA Inc', 'Hara Group', '3', '18', '0', '7', '0',
        'dc0bbae7-4fa1-47ca-a092-dde2f9efe046'),
       ('73548b7b-3695-4e37-989c-e2ba7a0130d0', 'sanofi-aventis U.S. LLC', '"Schmeler, Fahey and Koelpin"', '5', '14',
        '0', '8', '0', '46876b56-3b9b-41de-8dc9-0925d44089c5'),
       ('5f29fc03-f6bd-49a6-9f41-c2ca229de403', '"Energique,
        Inc."', 'Brekke and Sons', '5', '15', '30', '7', '0', '553414e2-857e-49b0-85c8-e08f9edc9ae3');

INSERT INTO "blood_donor" ("id", "name", "phone_number", "surname", "gender", "institution", "jmbg", "penalties",
                           "points", "address_id", "questionnaire_id", "occupation")
VALUES ('07ce2e8b-d34b-4156-9dd4-f29ec4311675', 'Butch', '140-486-9131', 'Degg', '1', 'Yakitri', '8541087715936', '67',
        '55', 'a0cd0598-30f7-430d-8cc5-ef309d31ffb7', 'f7df0917-1fde-480c-a562-520cee9f2a1a', 'Zoomdog'),
       ('0034aea2-3260-4429-a611-388c607eb48d', 'Wain', '517-564-6626', 'Jedrzej', '0', 'Quatz', '5404278802883', '68',
        '91', 'f131fbc0-343e-4b61-9542-a384e4882ba5', '87265c25-06aa-414d-855b-33d9ecae7931', 'Eare'),
       ('77399006-988f-4a9f-9870-9143329618c2', 'Harcourt', '702-620-5955', 'Ellse', '0', 'Jetwire', '8850400429867',
        '1', '86', 'a0cd0598-30f7-430d-8cc5-ef309d31ffb7', '0b0eb78a-4bbe-4be7-b48d-6e0e4492ece9', 'Meeveo'),
       ('0ef1b9f1-e36e-4d28-b2e3-a423585fa67d', 'Guendolen', '294-956-6386', 'Winterbourne', '0', 'Zoovu',
        '7350668384828', '3', '15', 'e4b6ce9d-5094-4a64-a958-3b919770d870', '5a61febe-5015-4646-91b4-5e1f8883e623',
        'Kazio'),
       ('c6af395f-78b4-4f24-b0ca-ba9b7ff5d9e2', 'Renee', '828-228-4235', 'Pipes', '1', 'Dynabox', '9006417279298', '29',
        '100', '4d7006f5-d219-4871-ab66-e66d54eab457', '1306fb68-ed85-4ebf-8def-67f2a3621613', 'Fivespan'),
       ('fbd2ad00-1d80-4a6a-b02a-5e2334ae121c', 'Jaquith', '811-626-0086', 'Donoghue', '1', 'Rhyzio', '5443749324451',
        '1', '66', 'f131fbc0-343e-4b61-9542-a384e4882ba5', '959e5562-d675-4c70-8d91-f5a8f52bce57', 'Photobug'),
       ('31d000fa-5fee-46bb-bb48-7f4a5cd2986d', 'Rodge', '524-701-7184', 'Skillern', '1', 'Realcube', '9732054114142',
        '62', '58', 'b1b2dbfc-4b92-4cb6-931f-7c136e86f80b', '06190597-0225-40f5-b2ab-a84e2619cd19', 'Realmix'),
       ('9799230d-9f4f-4494-8443-af9452a5b521', 'Bernardina', '483-320-0390', 'Boake', '0', 'Yacero', '4129889936634',
        '52', '53', 'e307e5e7-f8f6-41d4-a61c-befad5b75ffc', 'd5f0c5c5-2880-41af-82df-3a4d64e215f1', 'Mynte'),
       ('cc803476-7955-4dfa-9fee-fdf92ead600d', 'Harli', '756-945-7519', 'Maxwale', '0', 'Skinix', '8502284216956',
        '89', '6', '1744ff0b-90dd-4649-9439-da2bd62918ad', 'e6c6744e-c18f-431e-888d-3c9dee20018a', 'Tagfeed'),
       ('cc8c3ec8-0268-454f-88ef-9b3457374bd3', 'Myrwyn', '653-339-8494', 'Hegden', '0', 'Edgetag', '4075741524466',
        '78', '86', '59902151-934b-49ce-bd22-a698234a01dd', '0fda1b09-9f16-4a59-9fb0-98002a6cf85b', 'Quinu'),
       ('3572ded3-f508-480c-8d9a-6dea1520507c', 'Estrella', '909-492-0728', 'Gallemore', '0', 'Geba', '9179707740448',
        '23', '14', '5c6ae6d9-966d-40b5-9ba2-8f0198df0e89', 'e3fa8770-1dd0-46e1-9877-53736130e484', 'Jabbercube'),
       ('39c80416-5bff-4e58-b9f4-a948ec48c168', 'Cate', '221-443-1056', 'Shoveller', '0', 'Fadeo', '6113251478342', '2',
        '73', '5c6ae6d9-966d-40b5-9ba2-8f0198df0e89', '9236b5e3-3d56-4e23-8a75-f4000b7de7f2', 'Quinu'),
       ('c5a8a6f5-0474-4f66-b75c-61b09cd06904', 'Hana', '171-976-9468', 'Giscken', '1', 'Skipfire', '4417835800685',
        '17', '84', '288936ca-16f3-4908-b37c-6fc7b8736bde', '12e3e9bb-346e-427a-981e-4a7623ab2883', 'Wordify'),
       ('a5096988-b045-44f9-b3d7-e8e7d3000ebf', 'Christophe', '689-930-8861', 'Lock', '0', 'Quamba', '1668450979720',
        '70', '70', 'f896b9e4-b639-43cc-882f-9d735597ef08', '5d84c408-1011-48c9-9b9a-afa0806068b8', 'Centidel'),
       ('d2747d81-b42b-46a6-8e49-b594c484188a', 'Tobit', '474-544-0011', 'Follacaro', '1', 'Photobug', '8322383826182',
        '22', '23', 'bc130695-fcef-47ad-8d97-0e032be574c9', '7f118e21-ffa5-400e-81fd-b5be05d72da3', 'Zoovu'),
       ('3f216353-9183-4df6-aad4-42207f0ac681', 'Jedediah', '333-521-1906', 'McAusland', '0', 'Zooveo', '1412030332377',
        '87', '10', '5c3b169a-c50c-4b90-939d-ee3fca1459ea', '2684ba22-40dc-4fbf-a424-5a5ff84d1e15', 'Edgewire'),
       ('de1d26f9-1e5d-4aaa-97f2-9f0e9c400560', 'Priscella', '656-894-7039', 'Dunnett', '0', 'Twimbo', '7401129721867',
        '84', '59', 'd795331e-5d59-4221-a318-9a4045251c0f', '1c4770af-5364-4797-ab27-598520e1a3a8', 'Avavee'),
       ('fba08705-b5e2-4957-8efc-5454792e7cb7', 'Halie', '147-743-8882', 'Hancell', '0', 'Meetz', '7860185559718', '96',
        '35', '640e93ad-460b-40aa-84be-5673a091e2b5', '78bfdd27-e88f-423d-8720-31e1d748497e', 'Quinu'),
       ('32e14d39-7b52-421c-8764-9c3bdea705b5', 'Shandeigh', '487-111-9370', 'Rapps', '0', 'Twiyo', '1360433062427',
        '84', '35', 'a0cd0598-30f7-430d-8cc5-ef309d31ffb7', '6084b63d-9d6a-4822-8f54-9687181c08c6', 'Trilith'),
       ('cb447cd4-1e19-4902-8eed-84532a5cddec', 'Janean', '370-394-2032', 'Giraudoux', '1', 'BlogXS', '8580177169782',
        '12', '84', '553414e2-857e-49b0-85c8-e08f9edc9ae3', '49a98175-e46f-458f-aa1e-cef7baccc8b5', 'Brainlounge');

INSERT INTO "staff" ("id", "name", "phone_number", "surname", "address_id", "blood_center_id")
VALUES ('b2fe1aff-bb8f-4fd1-b88e-aa39af8fc65c', 'Beatrix', '850-326-8246', 'Pietrowski',
        'dc0bbae7-4fa1-47ca-a092-dde2f9efe046', '73548b7b-3695-4e37-989c-e2ba7a0130d0'),
       ('883f13cc-25c8-4b60-b0e5-5ac938ad2594', 'Barrie', '844-991-4460', 'Langham',
        'f896b9e4-b639-43cc-882f-9d735597ef08', 'bd701425-588c-4d16-ab96-e71be2979a75'),
       ('32763cf0-6a56-49f1-ad25-5a90561cd204', 'Lawry', '679-291-2722', 'Benardet',
        '1744ff0b-90dd-4649-9439-da2bd62918ad', '00b4e355-20be-48a6-a192-cfab2f48f012'),
       ('716553ae-eed2-496c-897b-089e56b5fa02', 'Zared', '724-572-4023', 'Orts', 'bc130695-fcef-47ad-8d97-0e032be574c9',
        '65587605-ef93-4beb-a46a-ba141a21ffd7'),
       ('4797bb3d-b4ba-4a3a-875a-8a9160b41534', 'Carmelia', '807-206-3818', 'Frantzen',
        'adb7aab0-c6ff-49e4-a151-da471ef18f09', '00b4e355-20be-48a6-a192-cfab2f48f012'),
       ('739c74f6-80c2-4d85-8771-b14b3ee60c07', 'Marietta', '820-379-2842', 'Merricks',
        'b58dcc40-13f0-46ed-894c-23a66d6faefd', '63bd71a5-dfdd-4db3-ac00-0b61e6183735'),
       ('3612d534-6943-4c3b-b852-e769536974e8', 'Frankie', '191-830-8795', 'MacIlurick',
        '2d128330-e662-4fda-b55f-7fb5593b8f4f', '725e573d-e9bd-4658-9da1-d54b72a1d333'),
       ('68d4880d-6119-4157-971f-0c2bf5fc3747', 'Freddi', '846-327-1542', 'Resun',
        '553414e2-857e-49b0-85c8-e08f9edc9ae3', '417c9b36-251a-4483-bfbf-abd3df786d96'),
       ('aec09ac9-14bc-4391-a5bb-3120767a3c21', 'Daniella', '355-206-9716', 'Yallowley',
        '0532cd76-52c8-4ac9-8306-d063f8f5e1d5', '00f5108f-5ac3-48ed-8b5e-be609d3b4137'),
       ('55ec7cac-4a24-46aa-89a9-84fb71fd0f5c', 'Garland', '369-955-8823', 'Conechie',
        'e1fcc078-445b-4243-af17-2e25f86ab352', 'aa116b1b-c59c-403b-b64f-db201d9375d2'),
       ('d038b611-ca3f-47cf-9c77-eba7e5a1d356', 'Arie', '582-319-2576', 'Yarrow',
        '551082eb-b45a-4b6b-8ccd-2cae2b8cb20c', '73548b7b-3695-4e37-989c-e2ba7a0130d0'),
       ('89281432-fe6c-46a4-a72e-965107dae5bc', 'Valenka', '504-641-9467', 'Meak',
        '5c3b169a-c50c-4b90-939d-ee3fca1459ea', '725e573d-e9bd-4658-9da1-d54b72a1d333'),
       ('ad18574f-e9ad-41d0-a4bf-b6fb0054cd3f', 'Luciana', '794-405-6848', 'Yerbury',
        '4d7006f5-d219-4871-ab66-e66d54eab457', '65587605-ef93-4beb-a46a-ba141a21ffd7'),
       ('adc21aae-dd9c-4441-bb3d-234a0bee8e71', 'Kennett', '148-109-7558', 'Monteath',
        '1870b7fd-be6b-43b9-ac6d-d4ca0b9ac416', '206b28a3-4953-4cce-a077-c7d9fcdd599c'),
       ('5ae43233-39e2-45de-a318-868a16979fbf', 'Misty', '578-234-0264', 'Morrad',
        'b58dcc40-13f0-46ed-894c-23a66d6faefd', '564661ad-20f3-4aba-841b-34d7ac33217f'),
       ('c939740a-a8c1-4055-a70a-9f1ecf4f5a7b', 'Dara', '499-783-7905', 'Tyreman',
        '288936ca-16f3-4908-b37c-6fc7b8736bde', '725e573d-e9bd-4658-9da1-d54b72a1d333'),
       ('abfff006-61bd-4d9b-a20c-f18cee9af898', 'Dollie', '206-361-8767', 'Chesley',
        '1870b7fd-be6b-43b9-ac6d-d4ca0b9ac416', 'e642b333-182b-405d-a5b6-038fb518a3db'),
       ('fa999473-00f4-4c37-ac4e-87c0576d3f63', 'Muire', '525-639-5878', 'MacAiline',
        '1e1dd683-41ff-469f-b8a7-a413d64e694b', '1dc2e158-9faa-4940-9373-879fbe8ceada'),
       ('a086e7d8-73f1-429f-b7b7-4dbb192c45c3', 'Micki', '457-137-6384', 'Coneau',
        '551082eb-b45a-4b6b-8ccd-2cae2b8cb20c', 'e8b6ca12-6a54-4d61-9cda-5a314094968e'),
       ('8786ca4a-6a9b-444a-aced-05d08ba2c323', 'Selig', '354-968-4594', 'McCosker',
        '1d0da8df-c565-49ea-aee5-e788789e3b70', 'e642b333-182b-405d-a5b6-038fb518a3db'),
       ('3cd9e524-756e-49c7-aca5-4258dec22e47', 'Jennette', '407-412-4471', 'Coppo',
        '8021c0fb-99a5-42f0-9d81-baa41265540e', 'aa116b1b-c59c-403b-b64f-db201d9375d2'),
       ('fe8c28ae-34e6-432d-a500-79ca6d9bdd77', 'Oby', '784-616-8694', 'Chellenham',
        'b58dcc40-13f0-46ed-894c-23a66d6faefd', '00f5108f-5ac3-48ed-8b5e-be609d3b4137'),
       ('a6b40057-00b6-4149-9a05-ed26e933c730', 'Katrine', '289-239-9085', 'Tschirschky',
        '1870b7fd-be6b-43b9-ac6d-d4ca0b9ac416', 'c5380ac1-b5cb-4c3e-a5f7-5b1cd25c91f2'),
       ('6d955932-89ea-429b-afce-6767036bf115', 'Roddy', '220-183-7593', 'Jenkins',
        'dc0bbae7-4fa1-47ca-a092-dde2f9efe046', 'e8b6ca12-6a54-4d61-9cda-5a314094968e'),
       ('018d9105-4317-410d-9eb6-56cdffa63ae9', 'Orbadiah', '139-341-8379', 'Fowell',
        '0532cd76-52c8-4ac9-8306-d063f8f5e1d5', '725e573d-e9bd-4658-9da1-d54b72a1d333'),
       ('85290095-273a-4323-b9ad-bb228ff28bde', 'Glenden', '912-566-1557', 'Diggell',
        'b9fd203d-9620-4dd1-9f43-e874e3593edc', '00b4e355-20be-48a6-a192-cfab2f48f012'),
       ('a1f93d06-09e7-4ac2-bc17-e2387d53fa57', 'Kissiah', '848-997-7165', 'Shaddock',
        '288936ca-16f3-4908-b37c-6fc7b8736bde', 'aa116b1b-c59c-403b-b64f-db201d9375d2'),
       ('7f651e40-a041-481e-846b-12a63524622f', 'Gregory', '948-391-6359', 'Pfeffel',
        '288936ca-16f3-4908-b37c-6fc7b8736bde', '2c8956aa-b596-45a1-9713-388c254119fd'),
       ('6789e40e-628f-4028-a91f-129631d0c011', 'Derick', '340-312-5978', 'Kinloch',
        '59b007ac-5940-49dd-a19c-a81f1d67c9d3', '00b4e355-20be-48a6-a192-cfab2f48f012'),
       ('bc14a4b3-ac6c-43ef-b368-9130685970dc', 'Otho', '220-311-9129', 'Duckitt',
        'bc130695-fcef-47ad-8d97-0e032be574c9', '564661ad-20f3-4aba-841b-34d7ac33217f'),
       ('67e5373d-060b-446e-8df6-03710f8a93a9', 'Alaric', '201-271-3494', 'Pimbley',
        '551082eb-b45a-4b6b-8ccd-2cae2b8cb20c', 'e8b6ca12-6a54-4d61-9cda-5a314094968e'),
       ('ce9d660e-4190-4408-9595-4e92bf5a0037', 'Paulo', '720-692-2789', 'Dumbrall',
        'a0cd0598-30f7-430d-8cc5-ef309d31ffb7', '5f29fc03-f6bd-49a6-9f41-c2ca229de403'),
       ('8fdb7c99-baa6-46bb-acd7-3e438a0c7816', 'Meyer', '448-162-2011', 'Jellings',
        '1744ff0b-90dd-4649-9439-da2bd62918ad', 'd08dd731-d59f-43c8-b2ff-785245f6048b'),
       ('933383fa-731b-4885-bd00-e6c5b7a9c638', 'Guillaume', '385-185-2139', 'Philippou',
        '8021c0fb-99a5-42f0-9d81-baa41265540e', 'e642b333-182b-405d-a5b6-038fb518a3db'),
       ('1cce08e4-0436-468f-8973-87b8cd62e7cf', 'Joseph', '934-447-5778', 'Maben',
        '1e1dd683-41ff-469f-b8a7-a413d64e694b', 'aa116b1b-c59c-403b-b64f-db201d9375d2'),
       ('fca4e751-431c-4ab1-93c5-eaa71b238208', 'Timothee', '143-499-5889', 'Fourmy',
        '1744ff0b-90dd-4649-9439-da2bd62918ad', '2c8956aa-b596-45a1-9713-388c254119fd'),
       ('f0352d0e-7df3-474a-aea4-17326144483a', 'Daveen', '905-918-4946', 'Tyhurst',
        '288936ca-16f3-4908-b37c-6fc7b8736bde', '29e5ab72-265a-483b-84fc-6a7abbf5a6ab'),
       ('a099abd7-c11c-455d-92f4-3a20cbbc80a6', 'Neville', '354-282-7644', 'Volett',
        '553414e2-857e-49b0-85c8-e08f9edc9ae3', '63bd71a5-dfdd-4db3-ac00-0b61e6183735'),
       ('3071cf08-aeb4-4bd1-9db8-73a4604f4cf8', 'Samuele', '705-292-6633', 'Bare',
        '59575fe2-19b1-474a-a63a-db4b02ab0b0c', 'd08dd731-d59f-43c8-b2ff-785245f6048b'),
       ('c6d23aed-fd67-4ae8-b9a8-bf182ff9a11a', 'Taylor', '788-675-9634', 'Haydock',
        'b1b2dbfc-4b92-4cb6-931f-7c136e86f80b', 'e642b333-182b-405d-a5b6-038fb518a3db'),
       ('f690c359-ba3e-45ba-a404-f9d763465ed9', 'Merrick', '940-625-5486', 'Cush',
        'e1fcc078-445b-4243-af17-2e25f86ab352', '00f5108f-5ac3-48ed-8b5e-be609d3b4137'),
       ('bc1934aa-93d6-4beb-bce1-c38f14bdd5c2', 'Daryn', '940-514-5446', 'Neasam',
        '551082eb-b45a-4b6b-8ccd-2cae2b8cb20c', 'f7aaaba3-db07-46e8-8976-8e7c6b83ee4d'),
       ('d42bda42-e03e-425a-932d-f8032b4e230e', 'Roberto', '552-491-3735', 'Pyecroft',
        '0532cd76-52c8-4ac9-8306-d063f8f5e1d5', '2c8956aa-b596-45a1-9713-388c254119fd'),
       ('c9ce567e-db22-42fc-83ac-3f7759611ee0', 'Alison', '839-828-3300', 'Crews',
        'b9fd203d-9620-4dd1-9f43-e874e3593edc', 'd08dd731-d59f-43c8-b2ff-785245f6048b'),
       ('0d4b12b6-3066-42a4-baeb-4de47c562f6d', 'Osbourne', '299-455-4940', 'Truckell',
        '59575fe2-19b1-474a-a63a-db4b02ab0b0c', '65587605-ef93-4beb-a46a-ba141a21ffd7'),
       ('dc57e87a-a395-4397-89e9-fe49f34f8837', 'Ricoriki', '247-797-0614', 'Dresse',
        'e307e5e7-f8f6-41d4-a61c-befad5b75ffc', '1dc2e158-9faa-4940-9373-879fbe8ceada'),
       ('f466d88c-2c85-4455-9165-c6cd3a837c4f', 'Alejoa', '968-331-9694', 'Fillan',
        'e8475b09-a100-42fa-8a17-7a040924c500', '00f5108f-5ac3-48ed-8b5e-be609d3b4137'),
       ('c4accd21-aa62-4804-99d7-0d25f0e2f9d7', 'Sibyl', '395-290-9930', 'Cresar',
        'c9f0b999-abfa-4ac1-8809-aad34e2cd0c6', 'e8b6ca12-6a54-4d61-9cda-5a314094968e'),
       ('6fd70fa0-6d96-4129-bf69-b67679addf10', 'Julianna', '333-940-8674', 'Messier',
        '288936ca-16f3-4908-b37c-6fc7b8736bde', '2c8956aa-b596-45a1-9713-388c254119fd'),
       ('be2db47d-80d5-4110-aa6e-ac7f3954084c', 'Ricki', '422-142-2048', 'Dundendale',
        'b9fd203d-9620-4dd1-9f43-e874e3593edc', '564661ad-20f3-4aba-841b-34d7ac33217f'),
       ('07495c96-dd86-404a-97e2-4a2d90daa400', 'Perry', '623-587-2847', 'Standidge',
        '551082eb-b45a-4b6b-8ccd-2cae2b8cb20c', '29e5ab72-265a-483b-84fc-6a7abbf5a6ab'),
       ('aad53eb9-a804-41b1-92f3-c922afc8559f', 'Masha', '764-479-6964', 'Fishpoole',
        '288936ca-16f3-4908-b37c-6fc7b8736bde', '725e573d-e9bd-4658-9da1-d54b72a1d333'),
       ('0b9b127f-b8b3-4141-85a9-164ddd8a8e34', 'Rhodie', '517-776-5616', 'Tuxsell',
        '640e93ad-460b-40aa-84be-5673a091e2b5', 'c5380ac1-b5cb-4c3e-a5f7-5b1cd25c91f2'),
       ('16296fd7-bdd2-4ee7-b2c4-e71208375a5d', 'Meade', '353-658-9857', 'Ensten',
        '551082eb-b45a-4b6b-8ccd-2cae2b8cb20c', '63bd71a5-dfdd-4db3-ac00-0b61e6183735'),
       ('919a11d8-9408-487c-912a-999783d50b29', 'Vidovik', '600-397-2659', 'Osmond',
        'e307e5e7-f8f6-41d4-a61c-befad5b75ffc', 'bd701425-588c-4d16-ab96-e71be2979a75'),
       ('1cb7460a-b6cb-44d8-a2e8-745c02f4bfaa', 'Cornela', '694-284-1544', 'Ratie',
        '4d7006f5-d219-4871-ab66-e66d54eab457', '65587605-ef93-4beb-a46a-ba141a21ffd7'),
       ('dfa55454-7a28-446d-827c-5e38d3a99f12', 'Pennie', '863-579-1923', 'Vaillant',
        '288936ca-16f3-4908-b37c-6fc7b8736bde', '725e573d-e9bd-4658-9da1-d54b72a1d333'),
       ('2e8c8545-7501-4db5-94a5-e4ab74e84e77', 'Daren', '538-626-1550', 'Handrek',
        '551082eb-b45a-4b6b-8ccd-2cae2b8cb20c', '417c9b36-251a-4483-bfbf-abd3df786d96'),
       ('29f04030-e36c-4e07-b109-b113a5da9937', 'Mireille', '115-753-0383', 'Shales',
        'b58dcc40-13f0-46ed-894c-23a66d6faefd', '2c8956aa-b596-45a1-9713-388c254119fd'),
       ('71548717-7958-4d72-a605-4c7a8caa9ffd', 'Pamela', '397-433-4137', 'Klimkin',
        '5c6ae6d9-966d-40b5-9ba2-8f0198df0e89', 'd08dd731-d59f-43c8-b2ff-785245f6048b'),
       ('9ee35ef1-94ec-448d-8d5d-744acf07d170', 'Isidoro', '164-770-8849', 'Koubu',
        '640e93ad-460b-40aa-84be-5673a091e2b5', '63bd71a5-dfdd-4db3-ac00-0b61e6183735'),
       ('6425970e-ad07-4a1a-a621-a0eb4d909c29', 'Giffie', '788-877-5760', 'Marcus',
        '4d7006f5-d219-4871-ab66-e66d54eab457', '73548b7b-3695-4e37-989c-e2ba7a0130d0'),
       ('4380a8e1-2ae8-468b-b2d9-521f86a8e22d', 'Felic', '463-755-0932', 'Orhtmann',
        '288936ca-16f3-4908-b37c-6fc7b8736bde', '1dc2e158-9faa-4940-9373-879fbe8ceada'),
       ('7e0b03f4-6591-4163-a702-7d06fd9069f0', 'Jeffrey', '706-848-2081', 'Puttrell',
        '59b007ac-5940-49dd-a19c-a81f1d67c9d3', 'bd701425-588c-4d16-ab96-e71be2979a75'),
       ('d0aa8915-e841-4c03-87ba-57f25ee62b0e', 'Philomena', '874-347-8838', 'Sprey',
        'adb7aab0-c6ff-49e4-a151-da471ef18f09', '206b28a3-4953-4cce-a077-c7d9fcdd599c'),
       ('740eca02-bb18-4196-8fdc-b2a0f6ebf08c', 'Milly', '441-737-9820', 'Guerrazzi',
        '2d128330-e662-4fda-b55f-7fb5593b8f4f', 'aa116b1b-c59c-403b-b64f-db201d9375d2'),
       ('1150b34a-a67d-41ff-93cd-55093bc098c6', 'Letisha', '741-399-7280', 'Temperton',
        'a0cd0598-30f7-430d-8cc5-ef309d31ffb7', 'c5380ac1-b5cb-4c3e-a5f7-5b1cd25c91f2'),
       ('a47baa69-ac3b-4f4d-bae5-e3026ba41525', 'Marwin', '158-470-7660', 'Marling',
        '3eb50b45-9d6c-4f42-992d-4a2bb3c2e0b2', '00f5108f-5ac3-48ed-8b5e-be609d3b4137'),
       ('6161f134-d9cd-43d9-85e3-95868038cd4c', 'Dionysus', '725-426-9124', 'Costa',
        '5c3b169a-c50c-4b90-939d-ee3fca1459ea', '00b4e355-20be-48a6-a192-cfab2f48f012'),
       ('a4e422dc-4b7b-460d-bc00-31a0c36b2f62', 'Roarke', '608-736-3718', 'Gilardengo',
        'b9fd203d-9620-4dd1-9f43-e874e3593edc', '65587605-ef93-4beb-a46a-ba141a21ffd7');


INSERT INTO "account" ("id", "email", "is_activated", "password", "person_id", "role")
VALUES ('fbf7d96c-0bac-4081-bc8d-0d32e2ab0ec4', 'wayer0@comcast.net', 'false', 'password123',
        '07ce2e8b-d34b-4156-9dd4-f29ec4311675', '1'),
       ('26ae5873-fb6c-401b-a7b1-4c91269e5929', 'besom1@cocolog-nifty.com', 'true', 'password999',
        '0034aea2-3260-4429-a611-388c607eb48d', '1'),
       ('b40896f0-c091-466d-9996-d1c57877c529', 'mreally2@wordpress.com', 'true', 'password123',
        '77399006-988f-4a9f-9870-9143329618c2', '1'),
       ('b7030b08-c751-4747-898d-8cc450909f4b', 'fwayman3@123-reg.co.uk', 'true', 'password123',
        '0ef1b9f1-e36e-4d28-b2e3-a423585fa67d', '1'),
       ('3e851062-a0b5-43fc-a23a-85208d4e5e05', 'orangall4@unc.edu', 'false', 'password123',
        'c6af395f-78b4-4f24-b0ca-ba9b7ff5d9e2', '0'),
       ('947c9a55-1774-42b6-a9fd-04e15b87b605', 'jbarclay5@nymag.com', 'false', 'password999',
        'fbd2ad00-1d80-4a6a-b02a-5e2334ae121c', '0'),
       ('4a3ea43a-1bf4-45d8-88b7-9bbc2d4458ac', 'gdizlie6@hibu.com', 'true', 'password999',
        '31d000fa-5fee-46bb-bb48-7f4a5cd2986d', '0'),
       ('5b644aad-784a-4b3d-b4ce-0f8e13583535', 'ckocher7@nymag.com', 'true', 'password999',
        '9799230d-9f4f-4494-8443-af9452a5b521', '1'),
       ('2631f31d-42f8-4637-902e-19b1284042a9', 'ncowles8@msu.edu', 'true', 'password999',
        'cc803476-7955-4dfa-9fee-fdf92ead600d', '2'),
       ('0497636b-f31d-43c8-a388-3881809042bc', 'saugustin9@house.gov', 'false', 'password123',
        'cc8c3ec8-0268-454f-88ef-9b3457374bd3', '1'),
       ('391b4245-881b-40d4-a6fb-37560a62a400', 'ofidelusa@de.vu', 'false', 'password123',
        '3572ded3-f508-480c-8d9a-6dea1520507c', '1'),
       ('369c5392-810b-4df3-8f3a-1fb58fa41e38', 'sjacombsb@washingtonpost.com', 'true', 'password123',
        '39c80416-5bff-4e58-b9f4-a948ec48c168', '0'),
       ('3bc5e8ff-c197-4554-82a6-39c64da54831', 'aliddiardc@t.co', 'false', 'password999',
        'c5a8a6f5-0474-4f66-b75c-61b09cd06904', '2'),
       ('8578a742-1b07-46d0-902c-6662bc73cedc', 'mdoigd@unblog.fr', 'false', 'password123',
        'a5096988-b045-44f9-b3d7-e8e7d3000ebf', '0'),
       ('78867811-3925-4cd4-809f-3ff28a09466d', 'mgrinawaye@gov.uk', 'false', 'password123',
        'd2747d81-b42b-46a6-8e49-b594c484188a', '1'),
       ('9256b4fd-9140-43ca-a705-5c8564e27f0d', 'shachettef@oracle.com', 'true', 'password123',
        '3f216353-9183-4df6-aad4-42207f0ac681', '2'),
       ('b60086d7-006f-4c21-8e9f-26b91b68a413', 'cbelfittg@prnewswire.com', 'false', 'password999',
        'de1d26f9-1e5d-4aaa-97f2-9f0e9c400560', '1'),
       ('7e8ef8c7-9bb2-4b80-b1c6-d5a243a4d35c', 'jparfitth@who.int', 'true', 'password345',
        'fba08705-b5e2-4957-8efc-5454792e7cb7', '2'),
       ('0da6173b-446b-47a8-926c-b4cee0f2696b', 'bmulletti@earthlink.net', 'false', 'password123',
        '32e14d39-7b52-421c-8764-9c3bdea705b5', '2'),
       ('f0b20fd0-f828-4803-8ae0-d780a514af2b', 'chaylesj@cnn.com', 'false', 'password999',
        'cb447cd4-1e19-4902-8eed-84532a5cddec', '0');

INSERT INTO "account" ("id", "email", "is_activated", "password", "person_id", "role")
VALUES ('799d0c9f-dfb8-40f4-8f6d-48a3ca44e2bd', 'cpesterfield0@blinklist.com', 'false', 'password345',
        'b2fe1aff-bb8f-4fd1-b88e-aa39af8fc65c', '0'),
       ('64e69a25-fc6d-4f20-97e4-c1c88a1fc8c1', 'rmcclinton1@mlb.com', 'true', 'password123',
        '883f13cc-25c8-4b60-b0e5-5ac938ad2594', '0'),
       ('a1590f8a-9ef0-473f-ba0b-3e6cd1a560de', 'tgytesham2@blogger.com', 'false', 'password123',
        '32763cf0-6a56-49f1-ad25-5a90561cd204', '0'),
       ('d9da6d89-e2e6-4724-8e7a-ecd68abb0742', 'rdecarlo3@taobao.com', 'true', 'password345',
        '716553ae-eed2-496c-897b-089e56b5fa02', '1'),
       ('ad28c938-71bc-4e50-be96-bb965ca2cba7', 'dbollam4@webmd.com', 'false', 'password123',
        '4797bb3d-b4ba-4a3a-875a-8a9160b41534', '1'),
       ('e91d7355-f557-4dc7-90d6-b90ce6d29c5b', 'fdelmonte5@yellowpages.com', 'true', 'password345',
        '739c74f6-80c2-4d85-8771-b14b3ee60c07', '0'),
       ('499ed2dc-be8e-48ac-b9f1-995a0aec90b4', 'odumpleton6@last.fm', 'false', 'password999',
        '3612d534-6943-4c3b-b852-e769536974e8', '2'),
       ('d53dc531-f5d6-4789-81c1-c0d4227829c3', 'hsheer7@themeforest.net', 'true', 'password123',
        '68d4880d-6119-4157-971f-0c2bf5fc3747', '1'),
       ('3f9eabda-e44f-433d-8e22-b66110c325c7', 'gbaker8@deliciousdays.com', 'false', 'password123',
        'aec09ac9-14bc-4391-a5bb-3120767a3c21', '0'),
       ('1e2b2247-970d-4208-9a4c-450ebe527846', 'bjouaneton9@acquirethisname.com', 'true', 'password123',
        '55ec7cac-4a24-46aa-89a9-84fb71fd0f5c', '1'),
       ('b710b1be-05b5-4138-a3bd-b3cb9f693a67', 'gfeldmessera@disqus.com', 'false', 'password345',
        'd038b611-ca3f-47cf-9c77-eba7e5a1d356', '0'),
       ('670c4cb9-737b-46b5-a72b-d48dfb45a51d', 'atillardb@cpanel.net', 'false', 'password123',
        '89281432-fe6c-46a4-a72e-965107dae5bc', '2'),
       ('45cc2219-659f-4942-86ca-b7bacefde88e', 'cfroodc@canalblog.com', 'false', 'password999',
        'ad18574f-e9ad-41d0-a4bf-b6fb0054cd3f', '1'),
       ('ce01bb85-1ce3-4525-afab-f40350b1283e', 'rthowd@mit.edu', 'false', 'password345',
        'adc21aae-dd9c-4441-bb3d-234a0bee8e71', '1'),
       ('8ed738c3-7fae-42f2-ad1c-fa515c90e462', 'hnunnerleye@example.com', 'true', 'password999',
        '5ae43233-39e2-45de-a318-868a16979fbf', '1'),
       ('45267e41-e6e6-48eb-826d-737e49661f68', 'dsnawdenf@weibo.com', 'true', 'password999',
        'c939740a-a8c1-4055-a70a-9f1ecf4f5a7b', '1'),
       ('e567981b-a765-40a6-85ab-aeb9f9917708', 'tkohrdingg@github.com', 'false', 'password123',
        'abfff006-61bd-4d9b-a20c-f18cee9af898', '1'),
       ('e26320ca-856e-442e-b5fa-b4f3c01d0e45', 'hnewcomenh@digg.com', 'false', 'password123',
        'fa999473-00f4-4c37-ac4e-87c0576d3f63', '0'),
       ('0a1a07a0-97b6-4f36-9f9b-76545aa96c46', 'lfullicki@example.com', 'true', 'password345',
        'a086e7d8-73f1-429f-b7b7-4dbb192c45c3', '2'),
       ('aa70aaa8-e95d-4508-8d66-90394c473ed5', 'lmarlorj@ebay.com', 'true', 'password345',
        '8786ca4a-6a9b-444a-aced-05d08ba2c323', '0'),
       ('3a8fca1d-eaf8-4d09-9406-79ada4fc013b', 'aovendonk@google.ca', 'true', 'password123',
        '3cd9e524-756e-49c7-aca5-4258dec22e47', '2'),
       ('5df3d420-6f0e-4306-afe6-81fb6e9fa162', 'eswordl@yolasite.com', 'true', 'password345',
        'fe8c28ae-34e6-432d-a500-79ca6d9bdd77', '1'),
       ('3a867838-23eb-4488-ab02-10433d00f0c8', 'imacaleesm@sitemeter.com', 'false', 'password999',
        'a6b40057-00b6-4149-9a05-ed26e933c730', '0'),
       ('b8a51f7c-965d-4f40-a9a9-09f12ef166e6', 'nwiddupn@ning.com', 'true', 'password123',
        '6d955932-89ea-429b-afce-6767036bf115', '1'),
       ('0a3e588a-9a61-489a-8b12-cb858ed1e523', 'dcrockfordo@cam.ac.uk', 'true', 'password999',
        '018d9105-4317-410d-9eb6-56cdffa63ae9', '2'),
       ('b415128d-ddc0-4745-bda6-a8172bb48da0', 'jlimerp@imgur.com', 'true', 'password123',
        '85290095-273a-4323-b9ad-bb228ff28bde', '2'),
       ('2b2f7f44-91a8-4b2f-a443-36a71f1ab7bc', 'csatchellq@squarespace.com', 'true', 'password345',
        'a1f93d06-09e7-4ac2-bc17-e2387d53fa57', '2'),
       ('85c4a33b-a158-46d6-a3c2-2738b941278d', 'sbosencer@cam.ac.uk', 'false', 'password999',
        '7f651e40-a041-481e-846b-12a63524622f', '1'),
       ('74e2372d-be64-40f1-ab4f-1dd3b2e02ea3', 'mcuredales@ted.com', 'false', 'password123',
        '6789e40e-628f-4028-a91f-129631d0c011', '1'),
       ('902b0a2f-3f47-453f-9030-fa33d86ef765', 'swoakest@dedecms.com', 'false', 'password345',
        'bc14a4b3-ac6c-43ef-b368-9130685970dc', '1'),
       ('75668caa-885c-4f86-9a2e-0fc564a9541f', 'sbillanyu@time.com', 'true', 'password123',
        '67e5373d-060b-446e-8df6-03710f8a93a9', '1'),
       ('9033ca4e-e808-452c-ae83-8387ed287d9b', 'ncaldwallv@livejournal.com', 'true', 'password345',
        'ce9d660e-4190-4408-9595-4e92bf5a0037', '2'),
       ('00dd101d-7f8e-40e5-9cfe-2b1fa25a2738', 'acailw@nsw.gov.au', 'true', 'password123',
        '8fdb7c99-baa6-46bb-acd7-3e438a0c7816', '2'),
       ('95f7f821-ab19-499e-89df-1d5ffd344767', 'bbockingsx@newyorker.com', 'false', 'password123',
        '933383fa-731b-4885-bd00-e6c5b7a9c638', '0'),
       ('70c355d7-7053-404c-903a-a8315efceda7', 'bmanbyy@constantcontact.com', 'false', 'password123',
        '1cce08e4-0436-468f-8973-87b8cd62e7cf', '1'),
       ('6a94488f-96c2-4c69-be11-0b6e264c1e0a', 'cdanovichz@imgur.com', 'false', 'password999',
        'fca4e751-431c-4ab1-93c5-eaa71b238208', '2'),
       ('1ee47bc2-4d39-4094-969f-9d9b982f4767', 'kjupe10@fema.gov', 'false', 'password123',
        'f0352d0e-7df3-474a-aea4-17326144483a', '2'),
       ('16a91fe0-54ef-4f30-9ca4-4f92451cf0de', 'smaccrachen11@mashable.com', 'false', 'password345',
        'a099abd7-c11c-455d-92f4-3a20cbbc80a6', '1'),
       ('0682a4e4-1ece-4d8e-9e2f-e228ed6b516c', 'jaddyman12@deviantart.com', 'true', 'password999',
        '3071cf08-aeb4-4bd1-9db8-73a4604f4cf8', '0'),
       ('ec8d5805-3995-4d56-962a-989364c32c7e', 'jtakkos13@mozilla.org', 'true', 'password345',
        'c6d23aed-fd67-4ae8-b9a8-bf182ff9a11a', '2'),
       ('b03942c9-4cb0-43a3-8138-efe47b05b304', 'dmercy14@soup.io', 'false', 'password123',
        'f690c359-ba3e-45ba-a404-f9d763465ed9', '0'),
       ('f3682167-1cdf-40d5-9f69-3138d54d86ac', 'rrous15@phoca.cz', 'false', 'password999',
        'bc1934aa-93d6-4beb-bce1-c38f14bdd5c2', '0'),
       ('003d9366-76ba-4f5a-b4fd-4517f740d78a', 'leley16@amazon.de', 'false', 'password123',
        'd42bda42-e03e-425a-932d-f8032b4e230e', '1'),
       ('98e875f8-3b6c-4d22-ab01-24df5b98817c', 'tbanstead17@cmu.edu', 'false', 'password345',
        'c9ce567e-db22-42fc-83ac-3f7759611ee0', '0'),
       ('f6f3957f-2818-416c-a2fd-cecac1f6808d', 'btommasetti18@pbs.org', 'true', 'password123',
        '0d4b12b6-3066-42a4-baeb-4de47c562f6d', '2'),
       ('2927578f-5827-4380-b36a-34dbf61dc35c', 'nbarr19@toplist.cz', 'true', 'password123',
        'dc57e87a-a395-4397-89e9-fe49f34f8837', '1'),
       ('e10346a1-1112-4d99-b8e4-ef4576a397a8', 'gcornels1a@walmart.com', 'false', 'password345',
        'f466d88c-2c85-4455-9165-c6cd3a837c4f', '2'),
       ('4c88ab26-3c26-437e-adab-2a3901ec8310', 'mswate1b@macromedia.com', 'false', 'password999',
        'c4accd21-aa62-4804-99d7-0d25f0e2f9d7', '1'),
       ('afe088e4-d2a3-4c15-b6a3-2f3cc76c5a2e', 'scornbill1c@go.com', 'false', 'password123',
        '6fd70fa0-6d96-4129-bf69-b67679addf10', '0'),
       ('6f4886bd-d745-42b1-8bb4-be59887ee26f', 'bzuann1d@smh.com.au', 'false', 'password123',
        'be2db47d-80d5-4110-aa6e-ac7f3954084c', '1'),
       ('28d2435b-604a-48e3-8066-5960520c9f1c', 'schaves1e@networkadvertising.org', 'true', 'password345',
        '07495c96-dd86-404a-97e2-4a2d90daa400', '1'),
       ('0cba24f3-ef27-4188-b45e-27af9e8d0c0f', 'amattson1f@surveymonkey.com', 'true', 'password999',
        'aad53eb9-a804-41b1-92f3-c922afc8559f', '2'),
       ('aa0906db-3b23-4aeb-97db-a3d17527d4ed', 'asaffe1g@ow.ly', 'true', 'password999',
        '0b9b127f-b8b3-4141-85a9-164ddd8a8e34', '0'),
       ('6b90120b-469d-4216-a599-408f427d870c', 'whenrionot1h@google.com.br', 'false', 'password123',
        '16296fd7-bdd2-4ee7-b2c4-e71208375a5d', '1'),
       ('56288e22-76e9-4edb-b17e-76766230dfca', 'ahattersley1i@statcounter.com', 'false', 'password345',
        '919a11d8-9408-487c-912a-999783d50b29', '0'),
       ('421e7cf7-7d55-4853-9b0c-bf6433342676', 'pbaxster1j@wix.com', 'false', 'password123',
        '1cb7460a-b6cb-44d8-a2e8-745c02f4bfaa', '2'),
       ('955cf071-ad59-4816-8e3a-43cec2862421', 'vfraanchyonok1k@cdc.gov', 'false', 'password345',
        'dfa55454-7a28-446d-827c-5e38d3a99f12', '0'),
       ('252a5d34-769f-470d-80ed-a95ac7ccb782', 'gisaac1l@spotify.com', 'true', 'password345',
        '2e8c8545-7501-4db5-94a5-e4ab74e84e77', '1'),
       ('aa2fe5cc-760d-450f-a37b-49dc1c59cf9b', 'afeedham1m@goo.ne.jp', 'true', 'password345',
        '29f04030-e36c-4e07-b109-b113a5da9937', '2'),
       ('6b16d917-0ae4-46ba-b282-555d70d1ff8e', 'mlambert1n@1688.com', 'true', 'password345',
        '71548717-7958-4d72-a605-4c7a8caa9ffd', '1'),
       ('e46b1c3c-446c-4998-9535-e2684c4371b1', 'scasey1o@instagram.com', 'true', 'password123',
        '9ee35ef1-94ec-448d-8d5d-744acf07d170', '0'),
       ('88480625-9b4c-40c1-be34-feea080cbbd7', 'fhagwood1p@hc360.com', 'false', 'password999',
        '6425970e-ad07-4a1a-a621-a0eb4d909c29', '1'),
       ('36997041-ceec-454a-9455-5c4132235da5', 'fmcclintock1q@yellowbook.com', 'false', 'password123',
        '4380a8e1-2ae8-468b-b2d9-521f86a8e22d', '1'),
       ('475fdf25-335c-4ca9-b39d-b63bb1e3eaf6', 'rshires1r@cafepress.com', 'true', 'password999',
        '7e0b03f4-6591-4163-a702-7d06fd9069f0', '0'),
       ('6adca66c-ad5b-46b5-a704-382dce9f8494', 'uyurshev1s@bigcartel.com', 'true', 'password123',
        'd0aa8915-e841-4c03-87ba-57f25ee62b0e', '2'),
       ('fdcc093e-20b8-4ce0-8898-06a12ed6df01', 'ngaule1t@example.com', 'false', 'password999',
        '740eca02-bb18-4196-8fdc-b2a0f6ebf08c', '2'),
       ('437dfc96-7552-4e9c-b80a-df6a96432433', 'hswigger1u@seattletimes.com', 'false', 'password123',
        '1150b34a-a67d-41ff-93cd-55093bc098c6', '0'),
       ('a9443819-f143-46f0-a591-affef3d2661d', 'mtapscott1v@google.es', 'true', 'password999',
        'a47baa69-ac3b-4f4d-bae5-e3026ba41525', '2'),
       ('1dbeddb4-b3a0-498d-9c22-ef0822074fc4', 'ekamienski1w@hubpages.com', 'false', 'password123',
        '6161f134-d9cd-43d9-85e3-95868038cd4c', '1'),
       ('2b824afa-a2e7-4e60-aae7-d1be5aef03b2', 'aolfert1x@dell.com', 'false', 'password345',
        'a4e422dc-4b7b-460d-bc00-31a0c36b2f62', '0');


INSERT INTO "blood_quantity" ("id", "quantity", "blood_group", "blood_center_id")
VALUES ('96ea2710-8c48-458b-b5d3-6256d087f257', '79', '0', '417c9b36-251a-4483-bfbf-abd3df786d96'),
       ('ae16c5e9-5d37-4eb1-bbbf-bd56ea2f7588', '88', '0', 'aa116b1b-c59c-403b-b64f-db201d9375d2'),
       ('1e0bbb68-48f8-4576-ab04-affe0c06806e', '91', '0', '206b28a3-4953-4cce-a077-c7d9fcdd599c'),
       ('d44e74e8-2ca9-4998-bcff-4003bf021b23', '28', '0', '29e5ab72-265a-483b-84fc-6a7abbf5a6ab'),
       ('79476721-c1ae-4f27-998c-8e72e9629cac', '27', '0', 'f7aaaba3-db07-46e8-8976-8e7c6b83ee4d'),
       ('63b0e366-03a5-4e5f-82f8-175b5bf89e5b', '9', '0', 'c5380ac1-b5cb-4c3e-a5f7-5b1cd25c91f2'),
       ('b6b157bf-5060-4b46-8973-f112b8871058', '66', '0', 'bd701425-588c-4d16-ab96-e71be2979a75'),
       ('d3892d9a-659d-43be-a574-0867560f59cf', '89', '0', 'e8b6ca12-6a54-4d61-9cda-5a314094968e'),
       ('837a0b74-e9e4-4f79-bd78-9286d89ca1fc', '70', '0', '00b4e355-20be-48a6-a192-cfab2f48f012'),
       ('267f3094-dd62-4d2f-a69a-7a496549c202', '56', '0', '00f5108f-5ac3-48ed-8b5e-be609d3b4137'),
       ('3e7cab68-e2fc-43c7-ae72-9335d65941f3', '100', '0', 'e642b333-182b-405d-a5b6-038fb518a3db'),
       ('8d48565e-8285-488a-bdb1-dd965d3b23e0', '8', '0', '63bd71a5-dfdd-4db3-ac00-0b61e6183735'),
       ('6ce69a34-1135-4961-96c8-b0f8a60b0db2', '40', '0', '2c8956aa-b596-45a1-9713-388c254119fd'),
       ('9a5bb378-d415-4439-94a4-5b734426fbaa', '52', '0', '725e573d-e9bd-4658-9da1-d54b72a1d333'),
       ('11af67b8-da00-44cf-b506-ea5e50b56858', '66', '0', '65587605-ef93-4beb-a46a-ba141a21ffd7'),
       ('ca7539eb-d97b-4a94-b5bd-501d343130d3', '67', '0', '564661ad-20f3-4aba-841b-34d7ac33217f'),
       ('8694d736-9826-4c3c-bfe9-7c28972fde8b', '22', '0', 'd08dd731-d59f-43c8-b2ff-785245f6048b'),
       ('5ebc38b1-1394-4113-a1ab-354cf8d4d2c9', '28', '0', '1dc2e158-9faa-4940-9373-879fbe8ceada'),
       ('7c70cc0b-49e7-413f-a74e-0cb780732cf5', '30', '0', '73548b7b-3695-4e37-989c-e2ba7a0130d0'),
       ('f6ce18d1-c6a6-423b-b6f8-aba98046798a', '37', '0', '5f29fc03-f6bd-49a6-9f41-c2ca229de403'),
       ('e5308475-a341-4930-829c-5c08bbeac7db', '77', '1', '417c9b36-251a-4483-bfbf-abd3df786d96'),
       ('c9e2dad3-f17c-4eea-932b-d50708fbedbc', '53', '1', 'aa116b1b-c59c-403b-b64f-db201d9375d2'),
       ('15538d98-0a8d-4d9b-93d5-ad92a5207cf3', '40', '1', '206b28a3-4953-4cce-a077-c7d9fcdd599c'),
       ('e611a795-fa11-4289-b20b-cd2dd7c76d1b', '95', '1', '29e5ab72-265a-483b-84fc-6a7abbf5a6ab'),
       ('6d2012b6-c6f6-4ab8-8559-a31ac4294374', '73', '1', 'f7aaaba3-db07-46e8-8976-8e7c6b83ee4d'),
       ('713acd59-1eb1-4fa1-953c-3e5cc3ed308e', '51', '1', 'c5380ac1-b5cb-4c3e-a5f7-5b1cd25c91f2'),
       ('4571fbe0-4e14-44b9-a3bb-09c2881f92e8', '18', '1', 'bd701425-588c-4d16-ab96-e71be2979a75'),
       ('7e74b501-f452-43e5-8813-ad7b52192702', '14', '1', 'e8b6ca12-6a54-4d61-9cda-5a314094968e'),
       ('e63e63fb-dda0-4624-8753-f78d439a3b31', '1', '1', '00b4e355-20be-48a6-a192-cfab2f48f012'),
       ('74d11441-c9cb-40e7-acea-80c25afd2350', '23', '1', '00f5108f-5ac3-48ed-8b5e-be609d3b4137'),
       ('76f8f34b-2b42-4b88-a478-ad39fe9c6a11', '25', '1', 'e642b333-182b-405d-a5b6-038fb518a3db'),
       ('1b755d83-d2b3-4994-b7bd-875e7de4e92e', '31', '1', '63bd71a5-dfdd-4db3-ac00-0b61e6183735'),
       ('c85474e1-9227-45f5-86a2-37722142fdb9', '58', '1', '2c8956aa-b596-45a1-9713-388c254119fd'),
       ('ac42cafb-440b-49d8-8896-c58d0ce95464', '29', '1', '725e573d-e9bd-4658-9da1-d54b72a1d333'),
       ('f8270f9f-92d5-4d9a-b248-2e1c98d40820', '36', '1', '65587605-ef93-4beb-a46a-ba141a21ffd7'),
       ('4a296867-c0cc-4ae9-99ce-43427307bdee', '65', '1', '564661ad-20f3-4aba-841b-34d7ac33217f'),
       ('8842e1b6-6550-402b-9ec8-fc06913f92c5', '3', '1', 'd08dd731-d59f-43c8-b2ff-785245f6048b'),
       ('3e7cfeee-ab78-4ca3-8434-2d849a1c724f', '99', '1', '1dc2e158-9faa-4940-9373-879fbe8ceada'),
       ('74432031-d393-4a40-a085-90d14dec0a85', '59', '1', '73548b7b-3695-4e37-989c-e2ba7a0130d0'),
       ('7fb81ae6-88c4-4a6d-a7df-3e6346b1fea8', '47', '1', '5f29fc03-f6bd-49a6-9f41-c2ca229de403'),
       ('79e80bd4-d428-40bf-8205-a9712391f605', '100', '2', '417c9b36-251a-4483-bfbf-abd3df786d96'),
       ('ce02b08a-58c9-4476-88bc-31a3a8e82b00', '23', '2', 'aa116b1b-c59c-403b-b64f-db201d9375d2'),
       ('ad5f0d1e-e418-48d9-b92c-6f35a56f364b', '64', '2', '206b28a3-4953-4cce-a077-c7d9fcdd599c'),
       ('7bc81936-4638-43a6-8783-a16042dfc5eb', '88', '2', '29e5ab72-265a-483b-84fc-6a7abbf5a6ab'),
       ('f81cb350-3659-4f18-a0fb-380c62408a68', '9', '2', 'f7aaaba3-db07-46e8-8976-8e7c6b83ee4d'),
       ('ef6174c5-6ec7-45f5-ac32-3809d757f6a1', '17', '2', 'c5380ac1-b5cb-4c3e-a5f7-5b1cd25c91f2'),
       ('634651df-a600-412c-87c6-a8ce32f2ac4b', '68', '2', 'bd701425-588c-4d16-ab96-e71be2979a75'),
       ('93defe77-fe49-441a-9005-905c19775862', '56', '2', 'e8b6ca12-6a54-4d61-9cda-5a314094968e'),
       ('95b66d5d-e499-4c8b-87d1-f6d3c3e0ba88', '93', '2', '00b4e355-20be-48a6-a192-cfab2f48f012'),
       ('bae0714c-f2cd-459f-8299-a4a3457951fb', '31', '2', '00f5108f-5ac3-48ed-8b5e-be609d3b4137'),
       ('1330dfc5-aca9-4f0d-be1f-84f3b6739ef1', '6', '2', 'e642b333-182b-405d-a5b6-038fb518a3db'),
       ('888364a1-a6d5-4cad-8f25-7b6dbb139598', '46', '2', '63bd71a5-dfdd-4db3-ac00-0b61e6183735'),
       ('74a039a8-43b2-4f5b-ab7e-091ed4ac5f17', '80', '2', '2c8956aa-b596-45a1-9713-388c254119fd'),
       ('72c2a07e-be3a-40d6-855b-112aa79f3ce2', '62', '2', '725e573d-e9bd-4658-9da1-d54b72a1d333'),
       ('9b2decbb-f7d2-49f7-bc2d-9e4e2517c973', '43', '2', '65587605-ef93-4beb-a46a-ba141a21ffd7'),
       ('fd7da503-4a47-460c-ac3d-980767820b6b', '54', '2', '564661ad-20f3-4aba-841b-34d7ac33217f'),
       ('923aaa72-47c8-4cb2-af93-6e60345b2a49', '39', '2', 'd08dd731-d59f-43c8-b2ff-785245f6048b'),
       ('0c36e625-9740-448b-88a8-c1d86241643d', '73', '2', '1dc2e158-9faa-4940-9373-879fbe8ceada'),
       ('52607246-c903-4114-bbdf-f855e41ef055', '13', '2', '73548b7b-3695-4e37-989c-e2ba7a0130d0'),
       ('406d5f81-e8c8-4919-813a-e96e531f5b8a', '65', '2', '5f29fc03-f6bd-49a6-9f41-c2ca229de403'),
       ('6980b5a5-36af-46c5-aa35-edff210c8e7d', '61', '3', '417c9b36-251a-4483-bfbf-abd3df786d96'),
       ('a0240893-e27b-42f0-9904-a4e1a03be109', '80', '3', 'aa116b1b-c59c-403b-b64f-db201d9375d2'),
       ('2cc451d6-1dca-4425-9fa0-2ce4eaf5435f', '35', '3', '206b28a3-4953-4cce-a077-c7d9fcdd599c'),
       ('f0ef3525-09a8-4eeb-af9c-fcb79f6b8a75', '38', '3', '29e5ab72-265a-483b-84fc-6a7abbf5a6ab'),
       ('0ef1e0a2-cc42-4ea0-aa6c-d4f7bed3b795', '45', '3', 'f7aaaba3-db07-46e8-8976-8e7c6b83ee4d'),
       ('39370079-9a49-4804-85c4-7cabe7ebd2b3', '64', '3', 'c5380ac1-b5cb-4c3e-a5f7-5b1cd25c91f2'),
       ('cb25ffc7-4c29-441f-a64e-84b75fe6bb13', '22', '3', 'bd701425-588c-4d16-ab96-e71be2979a75'),
       ('c6692083-e827-493c-b989-18068f80501a', '71', '3', 'e8b6ca12-6a54-4d61-9cda-5a314094968e'),
       ('704f7704-4751-4c64-95d5-d959a2943124', '13', '3', '00b4e355-20be-48a6-a192-cfab2f48f012'),
       ('6bff9bf9-4ff6-44d3-ba52-94a599382b74', '3', '3', '00f5108f-5ac3-48ed-8b5e-be609d3b4137'),
       ('51aa70cf-94ce-4ce6-9a07-9b57f2d7c043', '83', '3', 'e642b333-182b-405d-a5b6-038fb518a3db'),
       ('a3326945-974d-4d03-b4a5-8437e8223e97', '56', '3', '63bd71a5-dfdd-4db3-ac00-0b61e6183735'),
       ('6c518742-580c-4876-b8f5-0df8a2a97c6c', '29', '3', '2c8956aa-b596-45a1-9713-388c254119fd'),
       ('894fb38e-a9ba-4c21-a095-e9b6080f6988', '58', '3', '725e573d-e9bd-4658-9da1-d54b72a1d333'),
       ('51814d4c-935b-4413-aa92-24d45edcfa7e', '88', '3', '65587605-ef93-4beb-a46a-ba141a21ffd7'),
       ('253d36a1-07e3-44ef-aae5-b2056060e95b', '11', '3', '564661ad-20f3-4aba-841b-34d7ac33217f'),
       ('8e51da01-1d54-4083-b2fa-e290e10a7aca', '7', '3', 'd08dd731-d59f-43c8-b2ff-785245f6048b'),
       ('ef0c5b02-87a5-45df-98ec-55807b55d56e', '13', '3', '1dc2e158-9faa-4940-9373-879fbe8ceada'),
       ('07f210e9-e03c-4902-8ebc-d95d9b2ec877', '33', '3', '73548b7b-3695-4e37-989c-e2ba7a0130d0'),
       ('e94b334e-c5d2-4ee9-a06d-cc649a69350b', '37', '3', '5f29fc03-f6bd-49a6-9f41-c2ca229de403'),
       ('d898e8dd-8266-4d29-af97-3be2de344500', '76', '4', '417c9b36-251a-4483-bfbf-abd3df786d96'),
       ('507290f5-c15f-46fd-908d-2db8e409d429', '22', '4', 'aa116b1b-c59c-403b-b64f-db201d9375d2'),
       ('4534aac7-e10b-4b88-8967-d0cd6405a8f6', '68', '4', '206b28a3-4953-4cce-a077-c7d9fcdd599c'),
       ('0ece2542-5caf-43ba-930e-8cb0546581d7', '11', '4', '29e5ab72-265a-483b-84fc-6a7abbf5a6ab'),
       ('41ea586f-1f6b-4752-b3ca-5867646f1aa2', '20', '4', 'f7aaaba3-db07-46e8-8976-8e7c6b83ee4d'),
       ('62cc676d-2959-4e5c-a933-de917df6e2e3', '78', '4', 'c5380ac1-b5cb-4c3e-a5f7-5b1cd25c91f2'),
       ('bb4b6d5d-c62b-47f3-8b82-c95efb4f809f', '7', '4', 'bd701425-588c-4d16-ab96-e71be2979a75'),
       ('4864c257-bab3-4a0e-82be-6168f9de79f8', '29', '4', 'e8b6ca12-6a54-4d61-9cda-5a314094968e'),
       ('c3eede10-ae16-4238-b6d3-570145f74e9e', '37', '4', '00b4e355-20be-48a6-a192-cfab2f48f012'),
       ('c4cb04a6-4b96-4b9e-aab1-6b5d799a9042', '10', '4', '00f5108f-5ac3-48ed-8b5e-be609d3b4137'),
       ('223a276e-1da1-4fa6-96c1-91f16b21363e', '73', '4', 'e642b333-182b-405d-a5b6-038fb518a3db'),
       ('40bd0595-05d4-47bb-8c55-23f66c1acde1', '79', '4', '63bd71a5-dfdd-4db3-ac00-0b61e6183735'),
       ('a44b1be6-1cfa-446b-9005-af24a16a1847', '55', '4', '2c8956aa-b596-45a1-9713-388c254119fd'),
       ('1abfd78a-01d5-470b-83c6-c0b5b837cd22', '55', '4', '725e573d-e9bd-4658-9da1-d54b72a1d333'),
       ('aef6892e-a13f-47b7-93b0-ab284414599a', '66', '4', '65587605-ef93-4beb-a46a-ba141a21ffd7'),
       ('a115fdf5-aef4-42ce-970a-d72ae60456e1', '72', '4', '564661ad-20f3-4aba-841b-34d7ac33217f'),
       ('d55fed8a-a141-4239-9403-9c2930bbd008', '59', '4', 'd08dd731-d59f-43c8-b2ff-785245f6048b'),
       ('c305f136-581a-43dd-b8fb-1c55b2252d8c', '26', '4', '1dc2e158-9faa-4940-9373-879fbe8ceada'),
       ('0f875da7-9d13-4324-a09d-ffb756027084', '66', '4', '73548b7b-3695-4e37-989c-e2ba7a0130d0'),
       ('beeafe29-6455-4665-9bca-5a07f1ea0cc4', '2', '4', '5f29fc03-f6bd-49a6-9f41-c2ca229de403'),
       ('73fcefb8-24a5-4280-b680-b8a6ba9fb3de', '26', '5', '417c9b36-251a-4483-bfbf-abd3df786d96'),
       ('4bb4e660-0245-44b7-b7e6-f4e3f331f8c8', '96', '5', 'aa116b1b-c59c-403b-b64f-db201d9375d2'),
       ('6bea1db6-386e-4b02-b9cb-87798cfc5897', '79', '5', '206b28a3-4953-4cce-a077-c7d9fcdd599c'),
       ('55539cf5-6159-44b6-a8f7-5ca01d06b4ac', '60', '5', '29e5ab72-265a-483b-84fc-6a7abbf5a6ab'),
       ('7d1f7683-73cb-49d1-ba05-5de7e1dcc44e', '86', '5', 'f7aaaba3-db07-46e8-8976-8e7c6b83ee4d'),
       ('74b96bf5-fa6a-4386-a5c0-f6eb8952abed', '94', '5', 'c5380ac1-b5cb-4c3e-a5f7-5b1cd25c91f2'),
       ('243fb6b9-2a6c-495e-93c7-6c679c292d6a', '54', '5', 'bd701425-588c-4d16-ab96-e71be2979a75'),
       ('9f279241-2549-472b-993e-dab275687d59', '55', '5', 'e8b6ca12-6a54-4d61-9cda-5a314094968e'),
       ('20262e80-57c5-4a4d-b399-95b0a578b7bd', '72', '5', '00b4e355-20be-48a6-a192-cfab2f48f012'),
       ('49c9fbfc-df64-40e9-881f-8160c0534785', '45', '5', '00f5108f-5ac3-48ed-8b5e-be609d3b4137'),
       ('e6478d4a-b853-4123-a4a2-9c62bebc2d3c', '37', '5', 'e642b333-182b-405d-a5b6-038fb518a3db'),
       ('b945b007-8e43-4326-b80d-3b242f716bab', '2', '5', '63bd71a5-dfdd-4db3-ac00-0b61e6183735'),
       ('a330fdf0-0b4e-4c32-a3fe-24bb4b6590c4', '7', '5', '2c8956aa-b596-45a1-9713-388c254119fd'),
       ('a9467d1a-1a3c-4b17-a213-88627be0d705', '99', '5', '725e573d-e9bd-4658-9da1-d54b72a1d333'),
       ('60fd86c5-1d93-4e76-89d4-7a475afa16d5', '32', '5', '65587605-ef93-4beb-a46a-ba141a21ffd7'),
       ('37398148-3281-4133-a8ab-96b74f78c3a7', '23', '5', '564661ad-20f3-4aba-841b-34d7ac33217f'),
       ('11ba5a3e-b7fa-41f5-ad6e-de15c25fd551', '26', '5', 'd08dd731-d59f-43c8-b2ff-785245f6048b'),
       ('7444735e-22f7-45d3-8977-76a90ef0afce', '50', '5', '1dc2e158-9faa-4940-9373-879fbe8ceada'),
       ('c7990064-011b-4f36-881f-0ecc81e8db43', '56', '5', '73548b7b-3695-4e37-989c-e2ba7a0130d0'),
       ('da071a0b-c154-4ca8-9fa6-0d9c5159a2f4', '33', '5', '5f29fc03-f6bd-49a6-9f41-c2ca229de403'),
       ('52522ba3-a7dd-489c-bed5-42e2e8a9b9b3', '72', '6', '417c9b36-251a-4483-bfbf-abd3df786d96'),
       ('cc0cc602-25da-49b7-88a2-75d48b63b5e8', '21', '6', 'aa116b1b-c59c-403b-b64f-db201d9375d2'),
       ('df67e36f-a883-4c74-aec5-17898fe3e747', '55', '6', '206b28a3-4953-4cce-a077-c7d9fcdd599c'),
       ('bfbd32f8-330b-4334-b47b-21c12d00b52b', '22', '6', '29e5ab72-265a-483b-84fc-6a7abbf5a6ab'),
       ('7d096509-b329-418a-998d-244d4d6dd39c', '52', '6', 'f7aaaba3-db07-46e8-8976-8e7c6b83ee4d'),
       ('1a014d77-75d6-4ac1-991c-4d0ab5523790', '44', '6', 'c5380ac1-b5cb-4c3e-a5f7-5b1cd25c91f2'),
       ('81b8248b-2d74-4dc1-b269-8dd4743a153a', '74', '6', 'bd701425-588c-4d16-ab96-e71be2979a75'),
       ('859bf271-0b29-4eac-876b-4e6dfbe3a2b4', '62', '6', 'e8b6ca12-6a54-4d61-9cda-5a314094968e'),
       ('475d7063-92b3-438f-813e-1d56d0e0d7a6', '100', '6', '00b4e355-20be-48a6-a192-cfab2f48f012'),
       ('7d087370-fb70-4560-a2aa-166ce8532085', '48', '6', '00f5108f-5ac3-48ed-8b5e-be609d3b4137'),
       ('1f0e65fc-770b-4082-9921-886cba6a4427', '94', '6', 'e642b333-182b-405d-a5b6-038fb518a3db'),
       ('5695a2b0-9d7c-4d86-b440-6cd7d12c3292', '95', '6', '63bd71a5-dfdd-4db3-ac00-0b61e6183735'),
       ('265b4a45-44a0-4467-a43e-32d718c38a05', '71', '6', '2c8956aa-b596-45a1-9713-388c254119fd'),
       ('bd000260-cf30-4e7e-adcc-a1acc18720ba', '54', '6', '725e573d-e9bd-4658-9da1-d54b72a1d333'),
       ('74e607e8-daa7-4c79-831f-42ed574b7b9a', '5', '6', '65587605-ef93-4beb-a46a-ba141a21ffd7'),
       ('0f1fcfc4-a7d5-4dae-81e5-c593fac1fc05', '15', '6', '564661ad-20f3-4aba-841b-34d7ac33217f'),
       ('2815863d-b4a9-4c6f-ac15-3f2acea2718b', '53', '6', 'd08dd731-d59f-43c8-b2ff-785245f6048b'),
       ('41c8589f-3fe0-46a8-84a6-2aef5cdb2441', '59', '6', '1dc2e158-9faa-4940-9373-879fbe8ceada'),
       ('63c46cd3-7af2-4420-931b-83f6946774fc', '81', '6', '73548b7b-3695-4e37-989c-e2ba7a0130d0'),
       ('d5dac8a6-8f79-4811-aeed-3d6ccc24fb5c', '100', '6', '5f29fc03-f6bd-49a6-9f41-c2ca229de403'),
       ('993d6e37-9f43-4228-8ff2-e29e328dcdb8', '8', '7', '417c9b36-251a-4483-bfbf-abd3df786d96'),
       ('1dd65494-4449-47b4-8b0a-061faf08a739', '72', '7', 'aa116b1b-c59c-403b-b64f-db201d9375d2'),
       ('72a6965c-a493-4637-8d1b-2f74c7503cd4', '74', '7', '206b28a3-4953-4cce-a077-c7d9fcdd599c'),
       ('bcfdac6c-5ea7-4108-8c90-ec2811338be8', '81', '7', '29e5ab72-265a-483b-84fc-6a7abbf5a6ab'),
       ('7f221c5a-4daf-4cdf-945d-24870712729a', '77', '7', 'f7aaaba3-db07-46e8-8976-8e7c6b83ee4d'),
       ('053b5f75-0d7d-4756-816a-d64677dfb2d1', '75', '7', 'c5380ac1-b5cb-4c3e-a5f7-5b1cd25c91f2'),
       ('db1ffd6f-9549-43f8-9023-9d3aa0483447', '15', '7', 'bd701425-588c-4d16-ab96-e71be2979a75'),
       ('2abbbc6c-ad3d-4b73-b191-4c9aa35fafb0', '2', '7', 'e8b6ca12-6a54-4d61-9cda-5a314094968e'),
       ('1ede6535-0fd9-4d67-8973-1ec39386f07d', '89', '7', '00b4e355-20be-48a6-a192-cfab2f48f012'),
       ('94755950-3402-425e-be3d-13cac55846d0', '48', '7', '00f5108f-5ac3-48ed-8b5e-be609d3b4137'),
       ('ff88f446-1b2e-402e-beb5-d924a9018171', '16', '7', 'e642b333-182b-405d-a5b6-038fb518a3db'),
       ('a309069e-e2be-4bf6-aa50-312ec1b4fdd1', '51', '7', '63bd71a5-dfdd-4db3-ac00-0b61e6183735'),
       ('fccc02a2-2e49-48bd-8540-5f757285841d', '56', '7', '2c8956aa-b596-45a1-9713-388c254119fd'),
       ('645b0b1f-c479-4806-8afe-94a2204ac27c', '33', '7', '725e573d-e9bd-4658-9da1-d54b72a1d333'),
       ('02f1e4dc-3179-41fb-86cc-d085e7c43b6a', '78', '7', '65587605-ef93-4beb-a46a-ba141a21ffd7'),
       ('d1a3bc3e-85af-46da-b6e3-2a7ff7325ce8', '70', '7', '564661ad-20f3-4aba-841b-34d7ac33217f'),
       ('f7f41d17-cb25-4d3c-a92f-abc793caa3b2', '58', '7', 'd08dd731-d59f-43c8-b2ff-785245f6048b'),
       ('24705880-47de-436c-b2df-5fc4c371c0ba', '18', '7', '1dc2e158-9faa-4940-9373-879fbe8ceada'),
       ('ec0cf96b-fc68-4493-9a44-1af5a3a5a310', '31', '7', '73548b7b-3695-4e37-989c-e2ba7a0130d0'),
       ('be7709e8-f53f-4c0e-b21b-6e38bb458ed1', '95', '7', '5f29fc03-f6bd-49a6-9f41-c2ca229de403');